epoch,round,block,elapsed_s,n_updates,train_total,train_link,train_demand,train_vdf,train_anchor,w_anchor,train_demand_t,train_demand_t_a,test_link,test_demand,test_vdf,fastest_path_share,fused_vot,train_sensor_mape_fused,rss_gb,train_sensor_mape_T1,train_sensor_mape_T2,train_sensor_mape_T3,att_regular_T1,att_regular_T2,att_regular_T3,att_poi_T1,att_poi_T2,att_poi_T3,att_stadium_T1,att_stadium_T2,att_stadium_T3,att_both_T1,att_both_T2,att_both_T3,theta_s1_t1,theta_s1_t2,theta_s1_t3,theta_s1_t4,theta_s1_t5,theta_s1_t6,theta_s1_t7,theta_s1_t8,theta_s1_t9,theta_s1_t10,theta_s1_t11,theta_s1_t12,theta_s2_t1,theta_s2_t2,theta_s2_t3,theta_s2_t4,theta_s2_t5,theta_s2_t6,theta_s2_t7,theta_s2_t8,theta_s2_t9,theta_s2_t10,theta_s2_t11,theta_s2_t12,theta_s3_t1,theta_s3_t2,theta_s3_t3,theta_s3_t4,theta_s3_t5,theta_s3_t6,theta_s3_t7,theta_s3_t8,theta_s3_t9,theta_s3_t10,theta_s3_t11,theta_s3_t12
0,1,D,49.67466640472412,20,1916.8019401550293,2749.968371582031,1.948330887965858,101013.826953125,0.0,,0.9523485466837883,0.9574268076568841,2226.24853515625,0.11148036271333694,102719.796875,0.5494897365570068,59.999999940395355,0.2713503067081618,6.268796928,0.2500935163469793,0.29031513230365363,0.29506916532513355,0.33033725172281264,0.3329719051718712,0.33669084683060646,0.3305961459875107,0.3323843479156494,0.33701950758695604,0.33370815217494965,0.3302515471975009,0.33604030311107635,0.3331727795302868,0.33023931086063385,0.33658792078495026,1.0,1.0,1.0,1.0,1.0,1.0,1.0,1.0,1.0,1.0,1.0,1.0,1.0,1.0,1.0,1.0,1.0,1.0,1.0,1.0,1.0,1.0,1.0,1.0,1.0,1.0,1.0,1.0,1.0,1.0,1.0,1.0,1.0,1.0,1.0,1.0
1,1,D,97.52444338798523,40,228.3064926147461,2161.0029724121096,0.9321519285440445,102364.772265625,0.0,,0.1099188219755888,0.11368717066943645,2191.958251953125,0.08208335936069489,101982.2578125,0.5494897365570068,60.00000000745059,0.18315025174551344,6.32659968,0.15686062225471828,0.20607244941063765,0.2091601386456285,0.3307624123990536,0.33273807018995283,0.3364995151758194,0.33109558522701266,0.331965035200119,0.33693938702344894,0.3344057599703471,0.32974957178036374,0.3358446732163429,0.3352150060236454,0.32828831672668457,0.3364966809749603,1.0,1.0,1.0,1.0,1.0,1.0,1.0,1.0,1.0,1.0,1.0,1.0,1.0,1.0,1.0,1.0,1.0,1.0,1.0,1.0,1.0,1.0,1.0,1.0,1.0,1.0,1.0,1.0,1.0,1.0,1.0,1.0,1.0,1.0,1.0,1.0
2,1,D,145.4008650779724,60,213.1837272644043,2059.522137451172,0.6463849782943726,101560.687890625,0.0,,0.10510674044489861,0.10626867227256298,2540.341552734375,0.16996987164020538,102562.7265625,0.5494897365570068,59.99999991059302,0.1669613310877357,6.320259072,0.14154660635328964,0.19049094021027302,0.19179828547524921,0.3308869533240795,0.3328816033899784,0.336231442540884,0.3308907076716423,0.3320923835039139,0.3370169147849083,0.33461569994688034,0.32981959730386734,0.33556470026572544,0.3348621055483818,0.3285686671733856,0.3365692272782326,1.0,1.0,1.0,1.0,1.0,1.0,1.0,1.0,1.0,1.0,1.0,1.0,1.0,1.0,1.0,1.0,1.0,1.0,1.0,1.0,1.0,1.0,1.0,1.0,1.0,1.0,1.0,1.0,1.0,1.0,1.0,1.0,1.0,1.0,1.0,1.0
3,1,D,193.92252135276794,80,206.38838806152344,1978.9654296875,0.5240747988224029,100999.016796875,0.0,,0.10114484503865243,0.10293215773999691,2108.342529296875,0.09522582590579987,101281.0078125,0.5494897365570068,60.000000089406946,0.15838334100123744,6.33102336,0.13275214063656288,0.1827800942029925,0.1828046571774703,0.3307516396045685,0.33280927538871763,0.33643908947706225,0.33088369518518446,0.3320840910077095,0.3370322063565254,0.33436530580123264,0.3298422222336133,0.335792471965154,0.3349490463733673,0.3285209536552429,0.33653001114726067,1.0,1.0,1.0,1.0,1.0,1.0,1.0,1.0,1.0,1.0,1.0,1.0,1.0,1.0,1.0,1.0,1.0,1.0,1.0,1.0,1.0,1.0,1.0,1.0,1.0,1.0,1.0,1.0,1.0,1.0,1.0,1.0,1.0,1.0,1.0,1.0
4,1,D,241.81258034706116,100,191.61905746459962,1927.784844970703,0.43180323839187623,100653.5703125,0.0,,0.09458418972790242,0.09559362679719925,1866.0452880859375,0.08781743049621582,99977.8515625,0.5494897365570068,60.000000052154064,0.1499917590786144,6.307577856,0.1241282835353675,0.17476570969603172,0.17447177483112605,0.33069542050361633,0.3329974964261055,0.33630708456039426,0.3307931825518608,0.33227243423461916,0.33693438917398455,0.33436019470294315,0.3302568669120471,0.33538293341795605,0.33475811406970024,0.32890499755740166,0.3363368734717369,1.0,1.0,1.0,1.0,1.0,1.0,1.0,1.0,1.0,1.0,1.0,1.0,1.0,1.0,1.0,1.0,1.0,1.0,1.0,1.0,1.0,1.0,1.0,1.0,1.0,1.0,1.0,1.0,1.0,1.0,1.0,1.0,1.0,1.0,1.0,1.0
5,1,D,289.7343189716339,120,172.4011558532715,1847.501690673828,0.32458818405866624,100107.46328125,0.0,,0.08525956198573112,0.0860382828861475,1891.9002685546875,0.0844394788146019,99660.0859375,0.5494897365570068,60.00000010430812,0.14192139754643873,6.326255616,0.11652358576181637,0.16663498379917702,0.16617609984911452,0.3305854879319668,0.33310171216726303,0.3363128036260605,0.330675907433033,0.33230118453502655,0.3370229035615921,0.33404333641131717,0.33050096531709033,0.3354557007551193,0.33465905487537384,0.3289334140717983,0.33640752360224724,1.0,1.0,1.0,1.0,1.0,1.0,1.0,1.0,1.0,1.0,1.0,1.0,1.0,1.0,1.0,1.0,1.0,1.0,1.0,1.0,1.0,1.0,1.0,1.0,1.0,1.0,1.0,1.0,1.0,1.0,1.0,1.0,1.0,1.0,1.0,1.0
6,1,D,337.9321548938751,140,189.4735885620117,1791.4877380371095,0.27684713453054427,99779.689453125,0.0,,0.093097953684628,0.09459837190806866,1865.322021484375,0.06720899790525436,99645.3984375,0.5494897365570068,59.99999986588955,0.1364090024584905,6.30843392,0.11096667274417583,0.16153648899094622,0.16071189297726413,0.33051773309707644,0.33298116475343703,0.3365011103451252,0.33086691349744796,0.33217251002788545,0.336960569024086,0.33414732416470844,0.33049115538597107,0.3353615129987399,0.3348894454538822,0.3286298140883446,0.3364807404577732,1.0,1.0,1.0,1.0,1.0,1.0,1.0,1.0,1.0,1.0,1.0,1.0,1.0,1.0,1.0,1.0,1.0,1.0,1.0,1.0,1.0,1.0,1.0,1.0,1.0,1.0,1.0,1.0,1.0,1.0,1.0,1.0,1.0,1.0,1.0,1.0
7,1,D,385.8515479564667,160,175.1127944946289,1785.8244323730469,0.2479296877980232,99633.5265625,0.0,,0.08640888426452875,0.08743243217468262,1802.889892578125,0.09397025406360626,99701.0078125,0.5494897365570068,60.00000020861626,0.13430057951990637,6.274523136,0.10839052584787855,0.1597673640568426,0.15868961705570728,0.3304853342473507,0.33321044519543647,0.3363042205572128,0.3308013454079628,0.33226467818021777,0.3369339719414711,0.33393441140651703,0.3306528255343437,0.33541276305913925,0.33473287522792816,0.3289041221141815,0.3363630026578903,1.0,1.0,1.0,1.0,1.0,1.0,1.0,1.0,1.0,1.0,1.0,1.0,1.0,1.0,1.0,1.0,1.0,1.0,1.0,1.0,1.0,1.0,1.0,1.0,1.0,1.0,1.0,1.0,1.0,1.0,1.0,1.0,1.0,1.0,1.0,1.0
8,1,D,433.7408359050751,180,159.6592472076416,1759.1928649902343,0.2439738132059574,99579.7875,0.0,,0.07661776915192604,0.0797076378017664,1989.08447265625,0.08440490812063217,100105.8828125,0.5494897365570068,59.99999997764825,0.1335325125435148,6.309654528,0.10912623010045855,0.1576818318024732,0.15834388557866688,0.33038289099931717,0.3332972273230553,0.33631987795233725,0.3307167425751686,0.33229926973581314,0.336983984708786,0.33410408596197766,0.3306013345718384,0.33529457449913025,0.33473585918545723,0.3288766145706177,0.3363875150680542,1.0,1.0,1.0,1.0,1.0,1.0,1.0,1.0,1.0,1.0,1.0,1.0,1.0,1.0,1.0,1.0,1.0,1.0,1.0,1.0,1.0,1.0,1.0,1.0,1.0,1.0,1.0,1.0,1.0,1.0,1.0,1.0,1.0,1.0,1.0,1.0
9,1,D,481.821888923645,200,163.53015251159667,1730.4338623046874,0.2076559841632843,99289.619921875,0.0,,0.07633925769478082,0.08166124988347293,1727.4095458984375,0.08814599364995956,98869.7265625,0.5494897365570068,60.00000013411046,0.12836046697115827,6.326013952,0.10327396374067609,0.1540407057630551,0.15326662479326866,0.3305320844054222,0.333234141767025,0.33623378202319143,0.3308909833431244,0.33235786110162735,0.33675115257501603,0.333775132894516,0.3306506847341855,0.3355741923054059,0.33421365916728973,0.32915985584259033,0.33662649616599083,1.0,1.0,1.0,1.0,1.0,1.0,1.0,1.0,1.0,1.0,1.0,1.0,1.0,1.0,1.0,1.0,1.0,1.0,1.0,1.0,1.0,1.0,1.0,1.0,1.0,1.0,1.0,1.0,1.0,1.0,1.0,1.0,1.0,1.0,1.0,1.0
10,1,D,529.8173201084137,220,159.56178932189943,1698.9251586914063,0.18711682856082917,99150.211328125,0.0,,0.07748335096985101,0.07968733608722686,1827.9390869140625,0.06140289083123207,99275.671875,0.5494897365570068,59.99999985098839,0.1264360822329401,6.3229952,0.10026699361235382,0.15213267070979067,0.15140723494458144,0.3303767181932926,0.3332948453724384,0.3363284349441528,0.3304674863815308,0.33242109417915344,0.33711140900850295,0.33381794889767963,0.3308207417527835,0.3353613217671712,0.33415181562304497,0.32941994071006775,0.3364282436668873,1.0,1.0,1.0,1.0,1.0,1.0,1.0,1.0,1.0,1.0,1.0,1.0,1.0,1.0,1.0,1.0,1.0,1.0,1.0,1.0,1.0,1.0,1.0,1.0,1.0,1.0,1.0,1.0,1.0,1.0,1.0,1.0,1.0,1.0,1.0,1.0
11,1,D,577.8590414524078,240,150.96925773620606,1715.1899047851562,0.18972442671656609,99199.72734375,0.0,,0.07425451464951038,0.07538976632058621,1762.8387451171875,0.06920616328716278,99046.9609375,0.5494897365570068,60.00000022351742,0.12656522742727475,6.332055552,0.10113214063316203,0.1522463383107293,0.15062837841392776,0.33041670694947245,0.33333931863307953,0.3362439714372158,0.33059776574373245,0.3324503943324089,0.33695185333490374,0.333857461810112,0.3308074474334717,0.33533510317405063,0.33462629094719887,0.3290529064834118,0.33632081001996994,1.0,1.0,1.0,1.0,1.0,1.0,1.0,1.0,1.0,1.0,1.0,1.0,1.0,1.0,1.0,1.0,1.0,1.0,1.0,1.0,1.0,1.0,1.0,1.0,1.0,1.0,1.0,1.0,1.0,1.0,1.0,1.0,1.0,1.0,1.0,1.0
12,1,D,625.6243855953217,260,156.94330749511718,1707.8785766601563,0.17385892160236835,99048.4234375,0.0,,0.07603114750236273,0.07838472425937652,1776.332763671875,0.05729585513472557,98939.1328125,0.5494897365570068,59.99999987334012,0.12540918973499499,6.348423168,0.09996907494569052,0.15175645978909483,0.1491795742718832,0.33034972101449966,0.3335428565740585,0.3361074231564999,0.3304159566760063,0.33257004916667937,0.337014003098011,0.3338969126343727,0.3309427077571551,0.33516037960847217,0.33444538712501526,0.32901259884238243,0.3365420214831829,1.0,1.0,1.0,1.0,1.0,1.0,1.0,1.0,1.0,1.0,1.0,1.0,1.0,1.0,1.0,1.0,1.0,1.0,1.0,1.0,1.0,1.0,1.0,1.0,1.0,1.0,1.0,1.0,1.0,1.0,1.0,1.0,1.0,1.0,1.0,1.0
13,1,D,673.9567203521729,280,147.90749168395996,1668.7790893554688,0.16132068932056426,98972.41796875,0.0,,0.07031048499047757,0.07387308552861213,1762.2392578125,0.06950937211513519,99215.3046875,0.5494897365570068,59.999999888241284,0.12340754331115503,6.31990272,0.09822379718331656,0.14862371374059608,0.14866562227232266,0.3303995102643967,0.3333578497171402,0.3362426392734051,0.33058123737573625,0.3325249537825584,0.3368938207626343,0.33389221876859665,0.3308226043979327,0.3352851743499438,0.33462703600525856,0.32900990545749664,0.3363630548119545,1.0,1.0,1.0,1.0,1.0,1.0,1.0,1.0,1.0,1.0,1.0,1.0,1.0,1.0,1.0,1.0,1.0,1.0,1.0,1.0,1.0,1.0,1.0,1.0,1.0,1.0,1.0,1.0,1.0,1.0,1.0,1.0,1.0,1.0,1.0,1.0
14,1,D,722.5592517852783,300,149.8903553009033,1678.7271545410156,0.17200709208846093,99038.825,0.0,,0.06483552977442741,0.07485917471349239,1649.5850830078125,0.060823872685432434,98688.1484375,0.5494897365570068,59.9999998882413,0.1241906340182394,6.309175296,0.0989045368495905,0.15046473840384045,0.15044214966960595,0.33045033141970637,0.33336496725678444,0.33618469461798667,0.33076694756746294,0.332331183552742,0.336901867389679,0.3335576156775157,0.33125320822000504,0.3351891562342644,0.33456701785326004,0.3291861526668072,0.3362468555569649,1.0,1.0,1.0,1.0,1.0,1.0,1.0,1.0,1.0,1.0,1.0,1.0,1.0,1.0,1.0,1.0,1.0,1.0,1.0,1.0,1.0,1.0,1.0,1.0,1.0,1.0,1.0,1.0,1.0,1.0,1.0,1.0,1.0,1.0,1.0,1.0
15,1,D,771.1552155017853,320,156.31961784362792,1658.0013061523437,0.15525768138468266,98849.497265625,0.0,,0.07405919749289751,0.07808217946439981,1708.74609375,0.06093733012676239,98553.8671875,0.5494897365570068,59.99999985843896,0.12177129449784971,6.28881408,0.09771077666506146,0.14586085141662378,0.14752499528182839,0.33042441830039027,0.33344400823116305,0.33613157719373704,0.33053410351276397,0.33252163529396056,0.3369442641735077,0.3337960864106814,0.33080950379371643,0.3353944147626559,0.3346302807331085,0.32905323803424835,0.3363164849579334,1.0,1.0,1.0,1.0,1.0,1.0,1.0,1.0,1.0,1.0,1.0,1.0,1.0,1.0,1.0,1.0,1.0,1.0,1.0,1.0,1.0,1.0,1.0,1.0,1.0,1.0,1.0,1.0,1.0,1.0,1.0,1.0,1.0,1.0,1.0,1.0
16,1,D,819.4742321968079,340,139.64764289855958,1646.162664794922,0.13092259131371975,98686.728515625,0.0,,0.06459523066878319,0.06975836046040058,1617.4696044921875,0.0834713876247406,98321.453125,0.5494897365570068,60.000000134110444,0.11941737622286366,6.322950144,0.09626942437346042,0.14537491012268167,0.14286443609677155,0.33043365105986594,0.3333960399031639,0.3361703060567379,0.33054827600717546,0.33255950957536695,0.3368922173976898,0.33341047664483386,0.3311905587712924,0.33539896210034686,0.33464013785123825,0.3290158584713936,0.33634398505091667,1.0,1.0,1.0,1.0,1.0,1.0,1.0,1.0,1.0,1.0,1.0,1.0,1.0,1.0,1.0,1.0,1.0,1.0,1.0,1.0,1.0,1.0,1.0,1.0,1.0,1.0,1.0,1.0,1.0,1.0,1.0,1.0,1.0,1.0,1.0,1.0
17,1,D,867.6150255203247,360,138.74158782958983,1623.3552490234374,0.1239534430205822,98612.540625,0.0,,0.06591483503580094,0.06930881682783366,1693.7064208984375,0.05543496087193489,98823.65625,0.5494897365570068,60.000000178813934,0.11883687832362533,6.272118784,0.09177782339410523,0.14465927929223385,0.1453137943214059,0.33022414818406104,0.333435620367527,0.3363402344286442,0.33043491542339326,0.33245646953582764,0.3371086150407791,0.33350981771945953,0.3311287810405095,0.33536140372355777,0.33444060385227203,0.32911255583167076,0.3364468291401863,1.0,1.0,1.0,1.0,1.0,1.0,1.0,1.0,1.0,1.0,1.0,1.0,1.0,1.0,1.0,1.0,1.0,1.0,1.0,1.0,1.0,1.0,1.0,1.0,1.0,1.0,1.0,1.0,1.0,1.0,1.0,1.0,1.0,1.0,1.0,1.0
18,1,D,916.001873254776,380,137.337451171875,1630.0118469238282,0.1337616715580225,98701.556640625,0.0,,0.06298137884587049,0.06860184632241725,1748.5711669921875,0.05547075346112251,98682.6328125,0.5494897365570068,59.99999979883433,0.11931555843947168,6.302887936,0.09430556076935025,0.14587902530456362,0.14390269016602203,0.3303422376513481,0.33345028981566427,0.336207477748394,0.3305447563529015,0.33236812204122546,0.33708712458610535,0.333697314063708,0.3311990325649579,0.33510366827249527,0.33456122875213623,0.32881802693009377,0.3366207517683506,1.0,1.0,1.0,1.0,1.0,1.0,1.0,1.0,1.0,1.0,1.0,1.0,1.0,1.0,1.0,1.0,1.0,1.0,1.0,1.0,1.0,1.0,1.0,1.0,1.0,1.0,1.0,1.0,1.0,1.0,1.0,1.0,1.0,1.0,1.0,1.0
19,1,D,964.3449993133545,400,139.91875228881835,1626.415838623047,0.12634711489081382,98582.575,0.0,,0.06321139987558126,0.06989620216190814,1665.9583740234375,0.05574861168861389,98689.625,0.5494897365570068,59.999999992549405,0.11810666449692787,6.251126784,0.09321375027596852,0.14562915575695756,0.14193617996720945,0.3302884794771671,0.3335100792348385,0.3362014427781105,0.33039110749959943,0.3327005073428154,0.33690837770700455,0.33352238436539966,0.33120647569497425,0.3352711498737335,0.3344813734292984,0.3292888253927231,0.3362298049032688,1.0,1.0,1.0,1.0,1.0,1.0,1.0,1.0,1.0,1.0,1.0,1.0,1.0,1.0,1.0,1.0,1.0,1.0,1.0,1.0,1.0,1.0,1.0,1.0,1.0,1.0,1.0,1.0,1.0,1.0,1.0,1.0,1.0,1.0,1.0,1.0
20,1,TH,979.115070104599,420,959.2732788085938,860.9558349609375,0.12105231881141662,98317.43515625,0.0,,0.055750704184174535,0.060174240916967395,421.1114807128906,0.0557657852768898,98200.1796875,0.5355179905891418,45.22256275363818,0.10113519482907996,6.256627712,0.07890523249733374,0.12502526439865547,0.1277952935022825,0.33148744851350787,0.33405283764004706,0.33445971086621284,0.3314563676714897,0.33393333554267884,0.3346102938055992,0.3344990685582161,0.3323236058155696,0.3331773355603218,0.3341643549501896,0.3309263661503792,0.33490927517414093,0.6737655401229858,0.7323635816574097,0.6908596158027649,0.673910915851593,0.6830841302871704,0.6874006390571594,0.7219197750091553,0.7684299349784851,0.7639034986495972,0.8345426321029663,0.7696683406829834,0.6824711561203003,0.6412357687950134,1.181488037109375,0.6907364130020142,0.6626184582710266,0.6681249737739563,0.6959716081619263,0.7016754746437073,0.7670616507530212,0.7685067057609558,0.8404623866081238,0.7871040105819702,0.7165409922599792,0.6334202885627747,1.2495964765548706,0.7125347852706909,0.6816410422325134,0.678025484085083,0.7293629050254822,0.7197765707969666,0.7982068061828613,0.7780258655548096,0.8324214220046997,0.8046454787254333,0.703923761844635
21,1,TH,993.4245817661285,440,465.6848403930664,367.4907165527344,0.12105296216905118,98194.1171875,0.0,,0.055764521658420566,0.06017426066100597,349.9729919433594,0.055767860263586044,98286.6640625,0.5237461924552917,29.798730277418667,0.0896181733598087,6.269382656,0.06602216306103131,0.11419607591957234,0.11867982932521803,0.33246060386300086,0.3344599433243275,0.333079444617033,0.33142140656709673,0.33483201563358306,0.3337465703487396,0.33384305735429126,0.33392809331417084,0.3322288418809573,0.33327691629529,0.33387183398008347,0.33285122364759445,0.41742175817489624,0.2907717823982239,0.5880889892578125,0.3963772654533386,0.4829377830028534,0.36676865816116333,0.39531099796295166,0.42929667234420776,0.5111108422279358,0.5180583596229553,0.46743541955947876,0.26782482862472534,0.4066024422645569,0.6047130227088928,0.4876437187194824,0.43848833441734314,0.4975287914276123,0.43502479791641235,0.41180601716041565,0.4702537953853607,0.5309252142906189,0.6445807218551636,0.47860899567604065,0.5702480673789978,0.47109007835388184,0.7698535919189453,0.49160704016685486,0.4352325201034546,0.5593627691268921,0.4553212523460388,0.5216496586799622,0.561180591583252,0.6357029676437378,0.7139995694160461,0.750299870967865,0.4061743915081024
22,1,TH,1007.8297162055969,460,443.78638458251953,345.5368286132813,0.1210531372576952,98249.5484375,0.0,,0.05575187560170889,0.060174261406064036,345.4499206542969,0.05575805902481079,98303.3671875,0.5213077664375305,27.723889019610564,0.0892599622213188,6.257078272,0.06656031607018655,0.1157362396230232,0.11775806918373971,0.3333813317120075,0.33385237380862237,0.332766292989254,0.3329466342926025,0.3341772809624672,0.33287608325481416,0.33425839990377426,0.3334971144795418,0.33224448810021084,0.3345332592725754,0.3333122581243515,0.3321544900536537,0.3134121894836426,0.21963658928871155,0.34448739886283875,0.3149561583995819,0.2933492064476013,0.3033827543258667,0.21764683723449707,0.26246514916419983,0.2821671664714813,0.24493926763534546,0.32489094138145447,0.16355018317699432,0.3697563707828522,0.49091288447380066,0.6185920238494873,0.45838311314582825,0.5552923083305359,0.3790610134601593,0.3094642162322998,0.42940008640289307,0.4346374273300171,0.5638190507888794,0.37964314222335815,0.7866252064704895,0.39944326877593994,0.5933629870414734,0.580199658870697,0.5265575647354126,0.4392331838607788,0.5370543599128723,0.6046838164329529,0.5821883082389832,0.7999624609947205,1.0158321857452393,1.0521161556243896,0.44606998562812805
23,1,TH,1022.0368621349335,480,441.4239837646484,343.1669403076172,0.12105316743254661,98257.0375,0.0,,0.055741177126765254,0.0601742597296834,343.6438903808594,0.05575200915336609,98304.3671875,0.5201708674430847,27.745640425243586,0.08894379464808701,6.250160128,0.06813075666699554,0.11575430535910677,0.11768382449729917,0.3343758650124073,0.3333799496293068,0.3322441905736923,0.33452948182821274,0.33336209058761596,0.3321084216237068,0.33561424911022186,0.3331240440408389,0.33126170188188553,0.33567067608237267,0.332854013890028,0.33147531747817993,0.2885688245296478,0.18867331743240356,0.26087525486946106,0.26686590909957886,0.2396944761276245,0.293020099401474,0.17650507390499115,0.2071993201971054,0.20213115215301514,0.183805450797081,0.2924249470233917,0.13374915719032288,0.4064624607563019,0.4511526823043823,0.7492256760597229,0.4563065469264984,0.71515291929245,0.3050055503845215,0.2871928811073303,0.49722278118133545,0.41523170471191406,0.541546106338501,0.40077412128448486,0.7457341551780701,0.4015715718269348,0.5359764695167542,0.6232033967971802,0.5780643224716187,0.4196845591068268,0.5387163758277893,0.7320626974105835,0.5261099934577942,0.860303521156311,1.1915165185928345,1.1654216051101685,0.39908742904663086
24,1,TH,1036.3423836231232,500,440.6159210205078,342.357649230957,0.12105320133268833,98258.269140625,0.0,,0.05573522765189409,0.060174263268709186,343.3313903808594,0.05575261265039444,98306.28125,0.5201482772827148,27.782390584570688,0.08874221552946028,6.268121088,0.06887622678213454,0.1155795375857733,0.1178429290061308,0.3349497616291046,0.3332058660686016,0.3318443730473518,0.33511359095573423,0.3330254301428795,0.33186098337173464,0.3361139918367068,0.3327816476424535,0.3311043580373128,0.33629779890179634,0.3324313759803772,0.33127081394195557,0.2622142732143402,0.17351892590522766,0.21249133348464966,0.24476975202560425,0.20841804146766663,0.2984875738620758,0.15680204331874847,0.17945131659507751,0.17246440052986145,0.16063299775123596,0.25819242000579834,0.12551121413707733,0.42124563455581665,0.46075767278671265,0.7529391646385193,0.4060073792934418,0.7789173126220703,0.2500171959400177,0.2699207067489624,0.5365214347839355,0.44173943996429443,0.540197491645813,0.39349883794784546,0.8006053566932678,0.3871150612831116,0.5367099046707153,0.6205480098724365,0.577783465385437,0.3895132541656494,0.5636975765228271,0.7934259176254272,0.5394691228866577,0.8844011425971985,1.2768523693084717,1.1931893825531006,0.44771844148635864
25,1,TH,1050.7464830875397,520,440.2509460449219,341.9938049316406,0.12105324119329453,98257.134765625,0.0,,0.055733485892415044,0.06017426252365112,343.2714538574219,0.05574985221028328,98306.5546875,0.5217587947845459,28.07375140000184,0.08857721549415151,6.279667712,0.06936478497590522,0.1153742065979824,0.11796706233091801,0.3353169210255146,0.3332603894174099,0.33142268285155296,0.33563330620527265,0.33303409814834595,0.33133258670568466,0.3365718796849251,0.3327401454250018,0.3306879724065463,0.336733628064394,0.33245087042450905,0.33081549778580666,0.24320966005325317,0.16089746356010437,0.18210041522979736,0.2516985535621643,0.18228882551193237,0.3171563446521759,0.14259426295757294,0.1612427532672882,0.15464098751544952,0.14520816504955292,0.24031293392181396,0.11893987655639648,0.4630301296710968,0.4595595896244049,0.7534885406494141,0.43849989771842957,0.8456190228462219,0.23093289136886597,0.24045485258102417,0.574453592300415,0.4426713287830353,0.5592970252037048,0.40254178643226624,0.8394326567649841,0.4027206301689148,0.49206557869911194,0.6370189189910889,0.6543737649917603,0.39616894721984863,0.5602740049362183,0.826763391494751,0.48926910758018494,0.9008943438529968,1.3277965784072876,1.2220631837844849,0.4487593472003937
26,1,TH,1065.032321214676,540,440.10582733154297,341.8467727661133,0.12105325721204281,98259.05234375,0.0,,0.05573305953294039,0.06017426270991564,342.781982421875,0.05575157329440117,98306.703125,0.5207729339599609,28.037308818833147,0.08848583655293282,6.227910656,0.06970798957547138,0.11529858031846468,0.11798858392516029,0.33547680675983427,0.3330833546817303,0.3314398393034935,0.33570298105478286,0.3328063040971756,0.3314907133579254,0.33669546246528625,0.33265744894742966,0.33064709852139157,0.33688289672136307,0.33232149481773376,0.3307955972850323,0.22023887932300568,0.15387305617332458,0.16646301746368408,0.23945805430412292,0.16871944069862366,0.3127512037754059,0.13577131927013397,0.1519095003604889,0.14464528858661652,0.13724708557128906,0.22667565941810608,0.11549616605043411,0.4442484676837921,0.4680214822292328,0.737857460975647,0.4077949821949005,0.8750503659248352,0.21550364792346954,0.2443685531616211,0.5984918475151062,0.47740399837493896,0.5674266219139099,0.41860905289649963,0.8360432982444763,0.3868813216686249,0.4914461076259613,0.6547445058822632,0.6696728467941284,0.3757902681827545,0.5661342740058899,0.8289753794670105,0.5082695484161377,0.8707426190376282,1.3584637641906738,1.2489348649978638,0.46231281757354736
27,1,TH,1079.4021377563477,560,439.89328918457034,341.63380279541013,0.12105327062308788,98259.48125,0.0,,0.05573216453194618,0.060174263454973696,342.6676940917969,0.05575089901685715,98306.453125,0.522264838218689,28.074812932207678,0.08843283370376531,6.234046464,0.06996263499652233,0.11518885369614983,0.11804614946983635,0.3354803755879402,0.33310230299830434,0.3314173310995102,0.33576889187097547,0.3328337147831917,0.33139738738536834,0.33669624974330264,0.3325399309396744,0.3307638168334961,0.3369557745754719,0.33213619887828827,0.33090802654623985,0.20889392495155334,0.14800012111663818,0.15606901049613953,0.2326841652393341,0.15836267173290253,0.30243727564811707,0.1304335594177246,0.1435408592224121,0.13663709163665771,0.13010309636592865,0.22217023372650146,0.11280553042888641,0.45573389530181885,0.4512163996696472,0.758996307849884,0.38889193534851074,0.898583710193634,0.2016223967075348,0.24177071452140808,0.6296759247779846,0.4958480894565582,0.5525879859924316,0.461126446723938,0.8591970205307007,0.3777681887149811,0.495647132396698,0.6407446265220642,0.698919951915741,0.34812986850738525,0.5835342407226562,0.8303847908973694,0.48967841267585754,0.8826648592948914,1.3702147006988525,1.2673213481903076,0.4487115740776062
28,1,TH,1093.7105135917664,580,439.9127532958984,341.65376434326174,0.12105328366160392,98258.987109375,0.0,,0.055731764808297155,0.060174263454973696,342.54827880859375,0.05575069785118103,98306.609375,0.5221660137176514,28.165501107925923,0.08839074012608811,6.236336128,0.07012796355090896,0.11508000604210038,0.11818738329101883,0.3354733169078827,0.33302733600139617,0.33149934336543085,0.3358182117342949,0.33279839903116226,0.3313833922147751,0.3367610325415929,0.33254073560237885,0.33069823185602826,0.3369131051003933,0.33215129002928734,0.33093560859560966,0.19984453916549683,0.14341068267822266,0.14892880618572235,0.23067909479141235,0.15071368217468262,0.28340932726860046,0.1258903443813324,0.13775578141212463,0.13224577903747559,0.12658970057964325,0.21254050731658936,0.11096855252981186,0.4742286801338196,0.4629993140697479,0.7725802659988403,0.38536086678504944,0.9361117482185364,0.19176653027534485,0.22935909032821655,0.6506080627441406,0.5074721574783325,0.5831525921821594,0.45130130648612976,0.8740756511688232,0.3817388415336609,0.4865928590297699,0.6478145122528076,0.7395613193511963,0.3373907208442688,0.5917131304740906,0.7993139028549194,0.4824671447277069,0.8624201416969299,1.3903018236160278,1.2758268117904663,0.44671767950057983
29,1,TH,1108.0716784000397,600,439.9060028076172,341.6447036743164,0.1210533082485199,98261.294140625,0.0,,0.05573041420429945,0.060174265690147874,342.602294921875,0.05575033277273178,98308.53125,0.5202013254165649,28.068839912238584,0.08837606616975127,6.260895744,0.07030971462083464,0.11515182575137058,0.11829560766529544,0.3355975039303303,0.3330108024179935,0.3313916936516762,0.3358702421188354,0.3327187433838844,0.3314110040664673,0.3368929649392764,0.3324852411945661,0.3306217888991038,0.3371170870959759,0.33208515122532845,0.33079778403043747,0.19082927703857422,0.1393345296382904,0.14144709706306458,0.22662362456321716,0.14380288124084473,0.2945863902568817,0.12227611988782883,0.13250558078289032,0.1271497905254364,0.12277238070964813,0.1922052800655365,0.10939391702413559,0.4705897569656372,0.4836663007736206,0.7679793238639832,0.3467305302619934,0.9569754600524902,0.18856926262378693,0.2419857680797577,0.6403621435165405,0.5103926658630371,0.5470226407051086,0.40707722306251526,0.8996264338493347,0.37958014011383057,0.4690607488155365,0.6525537371635437,0.7864823341369629,0.3409936726093292,0.582271933555603,0.8473531603813171,0.46423888206481934,0.8612862825393677,1.402139663696289,1.260774850845337,0.4620167315006256
30,1,TH,1122.4711248874664,620,439.81921844482423,341.5595199584961,0.1210533045232296,98259.6953125,0.0,,0.05573075283318758,0.06017426420003176,342.4216613769531,0.05575049668550491,98306.3515625,0.5210251808166504,28.23827772898828,0.08829925928456554,6.251577344,0.07044046615155475,0.11508330436113896,0.1183347861440953,0.3356371305882931,0.33293819427490234,0.3314246736466885,0.33597262054681776,0.3326688840985298,0.3313584983348846,0.3369469940662384,0.3324345424771309,0.3306184535225232,0.3371209129691124,0.33198903501033783,0.3308900482952595,0.1860598623752594,0.13601455092430115,0.13639236986637115,0.21719667315483093,0.13907061517238617,0.29356929659843445,0.11957745254039764,0.12781688570976257,0.12305760383605957,0.11997067928314209,0.18404248356819153,0.1080908551812172,0.5147594809532166,0.48247942328453064,0.8149805665016174,0.3402956426143646,0.9780294299125671,0.192334845662117,0.250423789024353,0.6264195442199707,0.5218192934989929,0.5951340198516846,0.42369842529296875,0.8871917724609375,0.38532698154449463,0.459208607673645,0.6700021028518677,0.7769224047660828,0.33854466676712036,0.61482173204422,0.816149890422821,0.4757522940635681,0.830909788608551,1.4133408069610596,1.268684983253479,0.43955278396606445
31,1,TH,1136.8044571876526,640,439.72356567382815,341.464404296875,0.12105331681668759,98259.1578125,0.0,,0.055730297975242135,0.060174265690147874,342.4913635253906,0.05575096979737282,98306.9140625,0.5212121605873108,28.158398333625797,0.08822555785802731,6.270447616,0.07053183227709105,0.11490367850644673,0.1183716071624906,0.33564851582050326,0.3329083673655987,0.33144311904907225,0.33602190017700195,0.33266088664531707,0.33131721913814544,0.33695511271556217,0.33239560574293137,0.33064928899208706,0.33711444586515427,0.3319256640970707,0.33095989376306534,0.17667990922927856,0.13319848477840424,0.13210849463939667,0.22060735523700714,0.13453133404254913,0.30277377367019653,0.11757484078407288,0.12558315694332123,0.12029867619276047,0.11755028367042542,0.18414685130119324,0.10711097717285156,0.4871516525745392,0.5006149411201477,0.8196846842765808,0.32826176285743713,0.9553089737892151,0.18374773859977722,0.23839890956878662,0.6793354153633118,0.5066491961479187,0.5719942450523376,0.4421162009239197,0.8802685141563416,0.36941054463386536,0.47257286310195923,0.6488332152366638,0.8055325150489807,0.3138965666294098,0.6056262254714966,0.8495987057685852,0.44897934794425964,0.8548831939697266,1.4197115898132324,1.2836108207702637,0.4274704158306122
32,1,TH,1151.4071869850159,660,439.53196411132814,341.27209014892577,0.12105332873761654,98259.8703125,0.0,,0.0557314395904541,0.06017426587641239,342.3764953613281,0.05575186759233475,98306.0859375,0.5212522149085999,28.23517051058669,0.08828448530339054,6.248996864,0.07061443528907098,0.11497671539296637,0.11844461029062738,0.3356586880981922,0.3330149307847023,0.33132637813687327,0.3360015660524368,0.33274231255054476,0.3312561199069023,0.3369923084974289,0.3324385732412338,0.3305691157778104,0.3371945060789585,0.33218758553266525,0.33061790466308594,0.17291304469108582,0.13026638329029083,0.12815754115581512,0.2206445336341858,0.13129539787769318,0.30344370007514954,0.11566275358200073,0.12283600121736526,0.11776825040578842,0.11516139656305313,0.17019200325012207,0.1063091829419136,0.5070934891700745,0.5024508237838745,0.8027304410934448,0.3061273396015167,0.9803281426429749,0.18962842226028442,0.25779491662979126,0.6627764701843262,0.5302963256835938,0.5669253468513489,0.42827802896499634,0.8448695540428162,0.3736945390701294,0.4552508294582367,0.684012234210968,0.8092241883277893,0.3296234905719757,0.6317650675773621,0.8770086169242859,0.46628594398498535,0.8302750587463379,1.4278373718261719,1.2703604698181152,0.4421035647392273
33,1,TH,1165.7191805839539,680,439.54986267089845,341.2893295288086,0.12105333544313908,98260.529296875,0.0,,0.05573251806199551,0.06017426624894142,342.45794677734375,0.05574983358383179,98307.0859375,0.5217311978340149,28.3348286676736,0.0882678555488899,6.230028288,0.0707000318569107,0.11502489048080419,0.11843816306465221,0.3357340432703495,0.3330453097820282,0.33122065141797064,0.33607977330684663,0.3328182801604271,0.3311019390821457,0.33706071227788925,0.3324498285849889,0.3304894492030144,0.3372363783419132,0.3320923410356045,0.3306713066995144,0.17019815742969513,0.1273476481437683,0.12424461543560028,0.22236105799674988,0.12853917479515076,0.2723577618598938,0.1136329248547554,0.12060800194740295,0.11540474742650986,0.11329396814107895,0.16812676191329956,0.105545274913311,0.5517935156822205,0.46549367904663086,0.7857005596160889,0.30963295698165894,1.0355809926986694,0.18881630897521973,0.24553000926971436,0.6942928433418274,0.5376250743865967,0.5743743181228638,0.46321579813957214,0.8832584023475647,0.3907078504562378,0.43794283270835876,0.6541755199432373,0.8339476585388184,0.3301737308502197,0.6184989809989929,0.8264583349227905,0.46595853567123413,0.8410375118255615,1.4322322607040405,1.282057523727417,0.44126096367836
34,1,TH,1180.0517916679382,700,439.51190185546875,341.252424621582,0.12105334252119064,98259.47265625,0.0,,0.055729443207383156,0.06017426662147045,342.3125305175781,0.055749207735061646,98306.0546875,0.5223237872123718,28.41410844414998,0.08815182423599428,6.212702208,0.07077017052374446,0.11488845410092234,0.11843252166377954,0.33576647490262984,0.33293302953243253,0.33130049481987955,0.3361025661230087,0.33262290358543395,0.3312745377421379,0.33713457485040027,0.33230070769786835,0.3305647273858388,0.3373548686504364,0.33189821243286133,0.33074692264199257,0.16243524849414825,0.1256299763917923,0.12223763763904572,0.2324962615966797,0.12520349025726318,0.28014108538627625,0.11231066286563873,0.11871886253356934,0.1135496273636818,0.11189344525337219,0.1610061377286911,0.10499870032072067,0.5141653418540955,0.46167081594467163,0.8355371952056885,0.30018123984336853,0.9884128570556641,0.18152931332588196,0.24169975519180298,0.6950535774230957,0.5477913618087769,0.5976260900497437,0.4559061527252197,0.9119167923927307,0.369320273399353,0.4499017894268036,0.6185279488563538,0.8566868901252747,0.30826738476753235,0.6321815848350525,0.8454666137695312,0.45831888914108276,0.8698076009750366,1.437048077583313,1.2845978736877441,0.48961392045021057
35,1,A,1195.6648445129395,720,414.13769378662107,315.9409149169922,0.12105334661900997,98196.771875,0.0,,0.05486583802849054,0.060174265131354335,305.2243957519531,0.05476699396967888,98228.3984375,0.5223237872123718,22.858522821715095,0.0785943199790372,6.334820352,0.07080536082469999,0.11494100777605094,0.11844991348251598,0.5538366362452507,0.2304351944476366,0.21572816111147403,0.5250735849142074,0.24315557554364203,0.2317708432674408,0.5677539706230164,0.23606877401471138,0.19617725412050882,0.5321065858006477,0.24495159275829792,0.2229418233036995,0.16243524849414825,0.1256299763917923,0.12223763763904572,0.2324962615966797,0.12520349025726318,0.28014108538627625,0.11231066286563873,0.11871886253356934,0.1135496273636818,0.11189344525337219,0.1610061377286911,0.10499870032072067,0.5141653418540955,0.46167081594467163,0.8355371952056885,0.30018123984336853,0.9884128570556641,0.18152931332588196,0.24169975519180298,0.6950535774230957,0.5477913618087769,0.5976260900497437,0.4559061527252197,0.9119167923927307,0.369320273399353,0.4499017894268036,0.6185279488563538,0.8566868901252747,0.30826738476753235,0.6321815848350525,0.8454666137695312,0.45831888914108276,0.8698076009750366,1.437048077583313,1.2845978736877441,0.48961392045021057
36,1,A,1211.1151959896088,740,404.1614654541016,305.9748138427734,0.12105334997177124,98186.64765625,0.0,,0.05475568007677793,0.06017426550388336,305.5983581542969,0.054734379053115845,98229.6015625,0.5223237872123718,20.20580218592409,0.07457391319412436,6.341287936,0.07080536019954475,0.11494100527543,0.11844991410767122,0.6636970639228821,0.17125119157135488,0.16505174040794374,0.6546867430210114,0.17104744166135788,0.17426582127809526,0.6157386352618536,0.22930758073925972,0.15495378648241362,0.5848046615719795,0.24292047135531902,0.172274898737669,0.16243524849414825,0.1256299763917923,0.12223763763904572,0.2324962615966797,0.12520349025726318,0.28014108538627625,0.11231066286563873,0.11871886253356934,0.1135496273636818,0.11189344525337219,0.1610061377286911,0.10499870032072067,0.5141653418540955,0.46167081594467163,0.8355371952056885,0.30018123984336853,0.9884128570556641,0.18152931332588196,0.24169975519180298,0.6950535774230957,0.5477913618087769,0.5976260900497437,0.4559061527252197,0.9119167923927307,0.369320273399353,0.4499017894268036,0.6185279488563538,0.8566868901252747,0.30826738476753235,0.6321815848350525,0.8454666137695312,0.45831888914108276,0.8698076009750366,1.437048077583313,1.2845978736877441,0.48961392045021057
37,1,A,1226.5412561893463,760,402.72962493896483,304.5466369628906,0.12105334848165512,98182.983984375,0.0,,0.05466535594314337,0.060174266807734966,302.4884948730469,0.05476292595267296,98240.84375,0.5223237872123718,20.07060167103767,0.07380538516574436,6.347767808,0.07080536238758808,0.11494100590058523,0.1184499091064293,0.6870896607637406,0.15812251158058643,0.15478782653808593,0.663006266951561,0.15958337485790253,0.1774103596806526,0.6179034014542898,0.231988408913215,0.15010818590720496,0.5896837338805199,0.23636102303862572,0.17395524308085442,0.16243524849414825,0.1256299763917923,0.12223763763904572,0.2324962615966797,0.12520349025726318,0.28014108538627625,0.11231066286563873,0.11871886253356934,0.1135496273636818,0.11189344525337219,0.1610061377286911,0.10499870032072067,0.5141653418540955,0.46167081594467163,0.8355371952056885,0.30018123984336853,0.9884128570556641,0.18152931332588196,0.24169975519180298,0.6950535774230957,0.5477913618087769,0.5976260900497437,0.4559061527252197,0.9119167923927307,0.369320273399353,0.4499017894268036,0.6185279488563538,0.8566868901252747,0.30826738476753235,0.6321815848350525,0.8454666137695312,0.45831888914108276,0.8698076009750366,1.437048077583313,1.2845978736877441,0.48961392045021057
38,1,A,1241.9095318317413,780,402.1776321411133,303.9867767333984,0.12105335034430027,98190.851953125,0.0,,0.05467476118355989,0.06017426624894142,303.04583740234375,0.05478421971201897,98230.6953125,0.5223237872123718,19.765645461412575,0.07338847601386377,6.343204864,0.07080536144985523,0.11494100590058523,0.11844991285736074,0.6998917952179908,0.14482494983822108,0.15528325475752353,0.6764942616224289,0.14215570837259292,0.18135003224015236,0.6172078947226206,0.2359634004533291,0.14682870730757713,0.5893699452280998,0.24130173958837986,0.16932832449674606,0.16243524849414825,0.1256299763917923,0.12223763763904572,0.2324962615966797,0.12520349025726318,0.28014108538627625,0.11231066286563873,0.11871886253356934,0.1135496273636818,0.11189344525337219,0.1610061377286911,0.10499870032072067,0.5141653418540955,0.46167081594467163,0.8355371952056885,0.30018123984336853,0.9884128570556641,0.18152931332588196,0.24169975519180298,0.6950535774230957,0.5477913618087769,0.5976260900497437,0.4559061527252197,0.9119167923927307,0.369320273399353,0.4499017894268036,0.6185279488563538,0.8566868901252747,0.30826738476753235,0.6321815848350525,0.8454666137695312,0.45831888914108276,0.8698076009750366,1.437048077583313,1.2845978736877441,0.48961392045021057
39,1,A,1257.2469973564148,800,401.80211944580077,303.61375579833987,0.12105334997177124,98188.36328125,0.0,,0.054657284542918204,0.06017426829785109,302.4684753417969,0.054882414638996124,98231.6796875,0.5223237872123718,19.844960331865206,0.07342672144847008,6.325137408,0.07080536176243285,0.11494100652574048,0.11844991285736074,0.7003652781248093,0.1454111985862255,0.15422351602464915,0.6723607271909714,0.14415333569049835,0.18348593041300773,0.6126709828774134,0.23984333500266075,0.14748568336168924,0.5860799700021744,0.24104580841958523,0.17287421971559525,0.16243524849414825,0.1256299763917923,0.12223763763904572,0.2324962615966797,0.12520349025726318,0.28014108538627625,0.11231066286563873,0.11871886253356934,0.1135496273636818,0.11189344525337219,0.1610061377286911,0.10499870032072067,0.5141653418540955,0.46167081594467163,0.8355371952056885,0.30018123984336853,0.9884128570556641,0.18152931332588196,0.24169975519180298,0.6950535774230957,0.5477913618087769,0.5976260900497437,0.4559061527252197,0.9119167923927307,0.369320273399353,0.4499017894268036,0.6185279488563538,0.8566868901252747,0.30826738476753235,0.6321815848350525,0.8454666137695312,0.45831888914108276,0.8698076009750366,1.437048077583313,1.2845978736877441,0.48961392045021057
40,1,A,1272.594161272049,820,401.5502532958984,303.3641021728516,0.12105334922671318,98186.142578125,0.0,,0.054708105698227885,0.06017426736652851,302.2700500488281,0.05477204546332359,98240.359375,0.5223237872123718,19.85116035335426,0.07327390006236349,6.34318848,0.07080536051212237,0.11494100339996428,0.11844991410767122,0.7017314910888672,0.14257083795964717,0.15569767132401466,0.673004224896431,0.14349893406033515,0.18349685445427893,0.6189754704634348,0.23537938917676607,0.14564513911803564,0.5730819776654243,0.2581716738641262,0.16874633356928825,0.16243524849414825,0.1256299763917923,0.12223763763904572,0.2324962615966797,0.12520349025726318,0.28014108538627625,0.11231066286563873,0.11871886253356934,0.1135496273636818,0.11189344525337219,0.1610061377286911,0.10499870032072067,0.5141653418540955,0.46167081594467163,0.8355371952056885,0.30018123984336853,0.9884128570556641,0.18152931332588196,0.24169975519180298,0.6950535774230957,0.5477913618087769,0.5976260900497437,0.4559061527252197,0.9119167923927307,0.369320273399353,0.4499017894268036,0.6185279488563538,0.8566868901252747,0.30826738476753235,0.6321815848350525,0.8454666137695312,0.45831888914108276,0.8698076009750366,1.437048077583313,1.2845978736877441,0.48961392045021057
41,1,A,1288.0031082630157,840,401.4241149902344,303.23401031494143,0.12105334848165512,98190.10234375,0.0,,0.05470530297607183,0.060174265690147874,302.68243408203125,0.05481647700071335,98247.40625,0.5223237872123718,19.746145378407213,0.07304793770139001,6.3246336,0.07080535863665666,0.11494100465027475,0.1184499122322055,0.7116902261972428,0.13528232127428055,0.15302745960652828,0.6850119888782501,0.13399145305156707,0.1809965543448925,0.6157399316628774,0.24182183916370073,0.1424382453163465,0.5806151703000069,0.2486299853771925,0.17075483687222004,0.16243524849414825,0.1256299763917923,0.12223763763904572,0.2324962615966797,0.12520349025726318,0.28014108538627625,0.11231066286563873,0.11871886253356934,0.1135496273636818,0.11189344525337219,0.1610061377286911,0.10499870032072067,0.5141653418540955,0.46167081594467163,0.8355371952056885,0.30018123984336853,0.9884128570556641,0.18152931332588196,0.24169975519180298,0.6950535774230957,0.5477913618087769,0.5976260900497437,0.4559061527252197,0.9119167923927307,0.369320273399353,0.4499017894268036,0.6185279488563538,0.8566868901252747,0.30826738476753235,0.6321815848350525,0.8454666137695312,0.45831888914108276,0.8698076009750366,1.437048077583313,1.2845978736877441,0.48961392045021057
42,1,A,1304.1445424556732,860,401.39300231933595,303.20271759033204,0.1210533507168293,98190.27890625,0.0,,0.054710710607469085,0.06017426643520594,301.7567443847656,0.05486373230814934,98247.1796875,0.5223237872123718,19.860798561862158,0.07320065281110605,6.330277888,0.07080536051212237,0.11494100777605094,0.11844990973158455,0.7093934148550034,0.1369816230610013,0.15362497083842755,0.6788170963525773,0.13728333562612532,0.18389958143234253,0.6122060318787893,0.24157054598132768,0.14622342710693678,0.5744063183665276,0.24775072559714317,0.17784296907484531,0.16243524849414825,0.1256299763917923,0.12223763763904572,0.2324962615966797,0.12520349025726318,0.28014108538627625,0.11231066286563873,0.11871886253356934,0.1135496273636818,0.11189344525337219,0.1610061377286911,0.10499870032072067,0.5141653418540955,0.46167081594467163,0.8355371952056885,0.30018123984336853,0.9884128570556641,0.18152931332588196,0.24169975519180298,0.6950535774230957,0.5477913618087769,0.5976260900497437,0.4559061527252197,0.9119167923927307,0.369320273399353,0.4499017894268036,0.6185279488563538,0.8566868901252747,0.30826738476753235,0.6321815848350525,0.8454666137695312,0.45831888914108276,0.8698076009750366,1.437048077583313,1.2845978736877441,0.48961392045021057
43,2,D,1353.0397968292236,880,136.6332977294922,309.76682434082034,0.10934274382889271,98187.469140625,0.0,,0.06606598645448684,0.0682619770988822,307.44427490234375,0.0586787573993206,98319.0,0.5223237872123718,19.397724727223984,0.07350727051291377,6.4316416,0.06990698148914339,0.11474196272418367,0.11995515351372053,0.7215263709425926,0.13533679395914078,0.14313683062791824,0.6849610984325409,0.1358060285449028,0.17923287227749823,0.6161799977223078,0.24330754950642586,0.1405124602218469,0.5728585124015808,0.25173535756766796,0.17540612071752548,0.16243524849414825,0.1256299763917923,0.12223763763904572,0.2324962615966797,0.12520349025726318,0.28014108538627625,0.11231066286563873,0.11871886253356934,0.1135496273636818,0.11189344525337219,0.1610061377286911,0.10499870032072067,0.5141653418540955,0.46167081594467163,0.8355371952056885,0.30018123984336853,0.9884128570556641,0.18152931332588196,0.24169975519180298,0.6950535774230957,0.5477913618087769,0.5976260900497437,0.4559061527252197,0.9119167923927307,0.369320273399353,0.4499017894268036,0.6185279488563538,0.8566868901252747,0.30826738476753235,0.6321815848350525,0.8454666137695312,0.45831888914108276,0.8698076009750366,1.437048077583313,1.2845978736877441,0.48961392045021057
44,2,D,1401.8572607040405,900,135.33918304443358,304.58914337158205,0.10937512293457985,98136.47109375,0.0,,0.060444893501698974,0.06761490367352962,305.1257019042969,0.06396914273500443,98037.1640625,0.5223237872123718,19.406636536204715,0.07307313489585734,6.40401408,0.06864772816635827,0.11571998996290758,0.1214577585155946,0.7191775783896446,0.13516448400914668,0.14565792605280875,0.6885650783777237,0.1377580389380455,0.17367686852812766,0.6170544624328613,0.24250817423065504,0.14043736209472021,0.5710905864834785,0.25016416795551777,0.17874526232481003,0.16243524849414825,0.1256299763917923,0.12223763763904572,0.2324962615966797,0.12520349025726318,0.28014108538627625,0.11231066286563873,0.11871886253356934,0.1135496273636818,0.11189344525337219,0.1610061377286911,0.10499870032072067,0.5141653418540955,0.46167081594467163,0.8355371952056885,0.30018123984336853,0.9884128570556641,0.18152931332588196,0.24169975519180298,0.6950535774230957,0.5477913618087769,0.5976260900497437,0.4559061527252197,0.9119167923927307,0.369320273399353,0.4499017894268036,0.6185279488563538,0.8566868901252747,0.30826738476753235,0.6321815848350525,0.8454666137695312,0.45831888914108276,0.8698076009750366,1.437048077583313,1.2845978736877441,0.48961392045021057
45,2,D,1449.9304797649384,920,134.7321922302246,308.70189666748047,0.10461631044745445,98160.6171875,0.0,,0.06367976665496826,0.06731378789991141,306.0357360839844,0.07271729409694672,97731.640625,0.5223237872123718,19.399104330326256,0.07354157278085294,6.407991296,0.0697374743971423,0.11727419902910291,0.11788766824077755,0.7209509998559952,0.13538879230618478,0.14366021417081357,0.6854676336050034,0.13785965219140053,0.17667272090911865,0.6118976225455602,0.24866201852758726,0.13944035271803537,0.573738157749176,0.25163739174604416,0.17462442815303802,0.16243524849414825,0.1256299763917923,0.12223763763904572,0.2324962615966797,0.12520349025726318,0.28014108538627625,0.11231066286563873,0.11871886253356934,0.1135496273636818,0.11189344525337219,0.1610061377286911,0.10499870032072067,0.5141653418540955,0.46167081594467163,0.8355371952056885,0.30018123984336853,0.9884128570556641,0.18152931332588196,0.24169975519180298,0.6950535774230957,0.5477913618087769,0.5976260900497437,0.4559061527252197,0.9119167923927307,0.369320273399353,0.4499017894268036,0.6185279488563538,0.8566868901252747,0.30826738476753235,0.6321815848350525,0.8454666137695312,0.45831888914108276,0.8698076009750366,1.437048077583313,1.2845978736877441,0.48961392045021057
46,2,D,1497.7257018089294,940,140.99231300354003,305.2539855957031,0.1063603900372982,98077.381640625,0.0,,0.0650874350219965,0.07044297624379396,307.27606201171875,0.05906261131167412,98191.6484375,0.5223237872123718,19.309208283482803,0.07329734807247336,6.4581632,0.06970892512028587,0.1163046845292623,0.1196514074625011,0.7228300526738167,0.13424329403787852,0.14292665123939513,0.6890703469514847,0.13564061298966407,0.1752890333533287,0.619139681259791,0.24133982012669244,0.13952048619588217,0.5768738761544228,0.25139288045465946,0.17173322848975658,0.16243524849414825,0.1256299763917923,0.12223763763904572,0.2324962615966797,0.12520349025726318,0.28014108538627625,0.11231066286563873,0.11871886253356934,0.1135496273636818,0.11189344525337219,0.1610061377286911,0.10499870032072067,0.5141653418540955,0.46167081594467163,0.8355371952056885,0.30018123984336853,0.9884128570556641,0.18152931332588196,0.24169975519180298,0.6950535774230957,0.5477913618087769,0.5976260900497437,0.4559061527252197,0.9119167923927307,0.369320273399353,0.4499017894268036,0.6185279488563538,0.8566868901252747,0.30826738476753235,0.6321815848350525,0.8454666137695312,0.45831888914108276,0.8698076009750366,1.437048077583313,1.2845978736877441,0.48961392045021057
47,2,D,1545.8512856960297,960,129.04365158081055,304.2287872314453,0.10563999153673649,98112.872265625,0.0,,0.06065679769963026,0.06446900554001331,304.6864318847656,0.0675022080540657,98337.75,0.5223237872123718,19.356506465100566,0.07326854998383199,6.41468416,0.06942058883311904,0.11656882762127492,0.11884313987849462,0.7214379057288169,0.13570261672139167,0.14285945892333984,0.6868915319442749,0.13562033772468568,0.17748813182115555,0.6159393539031347,0.24368502696355185,0.14037562037507692,0.577145904302597,0.24956166371703148,0.17329240962862968,0.16243524849414825,0.1256299763917923,0.12223763763904572,0.2324962615966797,0.12520349025726318,0.28014108538627625,0.11231066286563873,0.11871886253356934,0.1135496273636818,0.11189344525337219,0.1610061377286911,0.10499870032072067,0.5141653418540955,0.46167081594467163,0.8355371952056885,0.30018123984336853,0.9884128570556641,0.18152931332588196,0.24169975519180298,0.6950535774230957,0.5477913618087769,0.5976260900497437,0.4559061527252197,0.9119167923927307,0.369320273399353,0.4499017894268036,0.6185279488563538,0.8566868901252747,0.30826738476753235,0.6321815848350525,0.8454666137695312,0.45831888914108276,0.8698076009750366,1.437048077583313,1.2845978736877441,0.48961392045021057
48,2,D,1593.8148400783539,980,132.34798049926758,304.5153350830078,0.10744059979915618,98122.850390625,0.0,,0.060964190773665904,0.06612026952207088,314.1810607910156,0.06233223155140877,98286.7578125,0.5223237872123718,19.40078957474966,0.07257012655132522,6.416658432,0.06813756210692239,0.11777527345590456,0.11836144901501941,0.7181827604770661,0.13807067591696978,0.14374655857682228,0.6860040426254272,0.13615074381232262,0.17784521356225014,0.6205301731824875,0.2390885129570961,0.14038129275043806,0.578042596578598,0.2474823258817196,0.17447507940232754,0.16243524849414825,0.1256299763917923,0.12223763763904572,0.2324962615966797,0.12520349025726318,0.28014108538627625,0.11231066286563873,0.11871886253356934,0.1135496273636818,0.11189344525337219,0.1610061377286911,0.10499870032072067,0.5141653418540955,0.46167081594467163,0.8355371952056885,0.30018123984336853,0.9884128570556641,0.18152931332588196,0.24169975519180298,0.6950535774230957,0.5477913618087769,0.5976260900497437,0.4559061527252197,0.9119167923927307,0.369320273399353,0.4499017894268036,0.6185279488563538,0.8566868901252747,0.30826738476753235,0.6321815848350525,0.8454666137695312,0.45831888914108276,0.8698076009750366,1.437048077583313,1.2845978736877441,0.48961392045021057
49,2,D,1642.7244989871979,1000,131.40992965698243,306.550276184082,0.10595854520797729,98102.032421875,0.0,,0.062369363568723205,0.06565198488533497,319.8910827636719,0.08778389543294907,98260.8046875,0.5223237872123718,19.383303642048702,0.07272331302809114,6.410870784,0.06849578199758564,0.11590742775746073,0.11900479001945763,0.7215171605348587,0.1354723397642374,0.1430105075240135,0.6845776587724686,0.13743665516376496,0.17798569276928902,0.617320050795873,0.24486102163791656,0.13781892011562982,0.5730515569448471,0.2530314214527607,0.1739170104265213,0.16243524849414825,0.1256299763917923,0.12223763763904572,0.2324962615966797,0.12520349025726318,0.28014108538627625,0.11231066286563873,0.11871886253356934,0.1135496273636818,0.11189344525337219,0.1610061377286911,0.10499870032072067,0.5141653418540955,0.46167081594467163,0.8355371952056885,0.30018123984336853,0.9884128570556641,0.18152931332588196,0.24169975519180298,0.6950535774230957,0.5477913618087769,0.5976260900497437,0.4559061527252197,0.9119167923927307,0.369320273399353,0.4499017894268036,0.6185279488563538,0.8566868901252747,0.30826738476753235,0.6321815848350525,0.8454666137695312,0.45831888914108276,0.8698076009750366,1.437048077583313,1.2845978736877441,0.48961392045021057
50,2,D,1691.63476395607,1020,125.63352584838867,301.3960922241211,0.09806497655808925,97990.92734375,0.0,,0.06144125536084175,0.06276773065328597,303.822998046875,0.06353095918893814,98189.46875,0.5223237872123718,19.37748376433874,0.07091208107547266,6.417371136,0.06627530529631118,0.11580986228000137,0.11683786755427107,0.7219748511910439,0.13547751419246196,0.14254763051867486,0.6857525169849396,0.1366704437881708,0.17757705152034758,0.6125995914141337,0.24514136463403702,0.1422590675453345,0.5745762214064598,0.2504162061959505,0.17500756680965424,0.16243524849414825,0.1256299763917923,0.12223763763904572,0.2324962615966797,0.12520349025726318,0.28014108538627625,0.11231066286563873,0.11871886253356934,0.1135496273636818,0.11189344525337219,0.1610061377286911,0.10499870032072067,0.5141653418540955,0.46167081594467163,0.8355371952056885,0.30018123984336853,0.9884128570556641,0.18152931332588196,0.24169975519180298,0.6950535774230957,0.5477913618087769,0.5976260900497437,0.4559061527252197,0.9119167923927307,0.369320273399353,0.4499017894268036,0.6185279488563538,0.8566868901252747,0.30826738476753235,0.6321815848350525,0.8454666137695312,0.45831888914108276,0.8698076009750366,1.437048077583313,1.2845978736877441,0.48961392045021057
51,2,TH,1706.3304533958435,1040,401.89611053466797,303.7722564697266,0.09996528029441834,98123.8484375,0.0,,0.06543517410755158,0.06419996209442616,298.68914794921875,0.06355936080217361,98156.9296875,0.5199333429336548,23.329173958174497,0.06706099321083411,6.445879296,0.06119858464503906,0.1139457149999488,0.11507905893191397,0.7178057730197906,0.1360751014202833,0.14611912667751312,0.6843800634145737,0.13602219000458718,0.17959774807095527,0.6164319664239883,0.2404805247982343,0.14308750381072363,0.5731508433818817,0.24897634610533714,0.17787280678749084,0.2581656277179718,0.1418115794658661,0.1538393497467041,0.31406447291374207,0.1964513063430786,0.21889901161193848,0.13084937632083893,0.22050152719020844,0.12663747370243073,0.11590230464935303,0.22033312916755676,0.10401065647602081,0.6476398706436157,0.41980400681495667,1.0014958381652832,0.2653598487377167,1.2636988162994385,0.20174333453178406,0.24457243084907532,0.7327026128768921,0.8319044709205627,0.808655858039856,0.5371536612510681,1.1556613445281982,0.39241939783096313,0.49807748198509216,0.846060574054718,0.8184452652931213,0.29820531606674194,0.7066503167152405,1.0622745752334595,0.5151669979095459,0.8967625498771667,1.4412755966186523,1.332852840423584,0.40167081356048584
52,2,TH,1720.7998974323273,1060,399.2543121337891,301.1588653564453,0.0999652672559023,98095.444921875,0.0,,0.0654143350198865,0.06419996060431003,297.21539306640625,0.06354710459709167,98133.8203125,0.5204288363456726,25.578077554786905,0.06647642680130329,6.42564096,0.060194205550122205,0.11398085747652857,0.11520281403778186,0.7148365288972854,0.13660575896501542,0.14855771511793137,0.6840035915374756,0.13641300797462463,0.17958340868353845,0.6145564268032709,0.24067463725805283,0.1447689545651277,0.5738674104213715,0.24878761731088161,0.17734497226774693,0.2681792974472046,0.18526554107666016,0.22080624103546143,0.375601202249527,0.2503734529018402,0.2398843765258789,0.22347110509872437,0.2730729281902313,0.17969119548797607,0.12489781528711319,0.23282214999198914,0.10337886214256287,0.7181187272071838,0.4447822570800781,1.0755211114883423,0.248503178358078,1.2980248928070068,0.2134367823600769,0.23027750849723816,0.7704262137413025,0.8586714863777161,0.8465090990066528,0.5713174343109131,1.2245111465454102,0.41166624426841736,0.5135459899902344,0.9207095503807068,0.7544359564781189,0.2925530672073364,0.6578293442726135,1.1916422843933105,0.5575494766235352,0.934701681137085,1.4464036226272583,1.3563504219055176,0.3398679196834564
53,2,TH,1735.2535667419434,1080,398.4492645263672,300.3673095703125,0.09996524937450886,98081.952734375,0.0,,0.06541432272642851,0.06419996190816164,297.067626953125,0.06355015933513641,98126.34375,0.5210058093070984,26.31858409622973,0.06630189783727095,6.417584128,0.059635379282383404,0.1141546174996175,0.1153771417018274,0.7134849920868873,0.13812634237110616,0.14838865250349045,0.6847051978111267,0.1378904737532139,0.17740432992577554,0.6132546961307526,0.24237350995341936,0.1443718026081721,0.5743975415825844,0.250425036996603,0.1751774102449417,0.2594844400882721,0.230534166097641,0.23775500059127808,0.3981848359107971,0.25714272260665894,0.2956557273864746,0.25122472643852234,0.260762482881546,0.23418334126472473,0.14926213026046753,0.2350538671016693,0.10288810729980469,0.7657261490821838,0.4554923474788666,1.1037800312042236,0.23200172185897827,1.3112578392028809,0.2306455373764038,0.19784629344940186,0.7792807817459106,0.7984753847122192,0.8431780934333801,0.567051112651825,1.2243459224700928,0.42330726981163025,0.5263387560844421,0.924880862236023,0.680176317691803,0.2854261100292206,0.6235736012458801,1.2579299211502075,0.6319966316223145,0.927046537399292,1.4500014781951904,1.3731870651245117,0.2884889245033264
54,2,TH,1749.654301404953,1100,398.22513275146486,300.14629821777345,0.09996523410081863,98078.82890625,0.0,,0.06542157251387834,0.06419996172189713,296.8155212402344,0.06355565041303635,98125.984375,0.5220948457717896,26.453032544174018,0.0661778676630981,6.39586304,0.059426289548720736,0.11434307554751996,0.11547246287198037,0.7140602365136146,0.13847086243331433,0.14746889919042588,0.6875145465135575,0.13799281418323517,0.17449264004826545,0.6138924260934194,0.2424539551138878,0.14365359768271446,0.577369935810566,0.2507493868470192,0.1718806866556406,0.2519552707672119,0.2308673858642578,0.25814202427864075,0.4021805226802826,0.2666794955730438,0.25996729731559753,0.27597272396087646,0.2549552023410797,0.23995953798294067,0.185258150100708,0.23595693707466125,0.10257325321435928,0.8101955056190491,0.4637502133846283,1.1213364601135254,0.22022761404514313,1.318968653678894,0.24497103691101074,0.18832042813301086,0.7512812614440918,0.8024158477783203,0.819483757019043,0.6057711243629456,1.2445029020309448,0.4452817738056183,0.5199494361877441,0.9464530348777771,0.6220633387565613,0.27797526121139526,0.5845520496368408,1.2842543125152588,0.6789367198944092,0.922029435634613,1.4516292810440063,1.3856271505355835,0.2592929005622864
55,2,TH,1764.1639709472656,1120,398.1909713745117,300.11411437988284,0.09996522068977357,98076.84921875,0.0,,0.06542830877006053,0.06419996079057455,296.6057434082031,0.0635535791516304,98124.546875,0.5220866799354553,26.556375369236385,0.06613291681340311,6.417645568,0.05929944836401775,0.11454017511628488,0.11558262585265174,0.7144314303994179,0.1388145551085472,0.1467540118843317,0.6883608192205429,0.13861591145396232,0.17302327305078508,0.6144486566384634,0.2430487722158432,0.14250256245334944,0.5787066966295242,0.250758845359087,0.17053448036313057,0.2658267319202423,0.2244771420955658,0.25870010256767273,0.38926196098327637,0.29477745294570923,0.28606653213500977,0.26941409707069397,0.2530035078525543,0.22684729099273682,0.20416322350502014,0.2190546989440918,0.10229748487472534,0.8422644138336182,0.4570246934890747,1.1300873756408691,0.2096976339817047,1.3298958539962769,0.27441588044166565,0.1819862425327301,0.7120923399925232,0.8323656320571899,0.8028672933578491,0.5691234469413757,1.265555739402771,0.44511643052101135,0.520139217376709,0.9309098720550537,0.6058370471000671,0.2760089933872223,0.590697169303894,1.313785195350647,0.7297232747077942,0.9284018278121948,1.4533413648605347,1.3969789743423462,0.23387372493743896
56,2,TH,1778.7046666145325,1140,397.9745788574219,299.8982864379883,0.09996521659195423,98076.286328125,0.0,,0.06543504558503628,0.06419996209442616,296.63397216796875,0.0635516420006752,98124.0703125,0.5228164792060852,26.659918617049385,0.06604556731027449,6.4187392,0.05931880910917799,0.11458707801321225,0.11560791150658531,0.7155693352222443,0.13855426087975503,0.14587639980018138,0.6904912680387497,0.1382693938910961,0.17123934924602507,0.6154377559820811,0.24289727956056595,0.14166495824853578,0.5794525966048241,0.25088268890976906,0.16966472379863262,0.23756301403045654,0.2241791933774948,0.26097965240478516,0.4020606577396393,0.2786286771297455,0.266134113073349,0.2855030596256256,0.2754109799861908,0.23230835795402527,0.22312191128730774,0.22774767875671387,0.10204366594552994,0.8682435750961304,0.4665031135082245,1.1467969417572021,0.20099546015262604,1.3407394886016846,0.3180589973926544,0.17879265546798706,0.6797389388084412,0.8271234035491943,0.7913938164710999,0.5587171316146851,1.2718843221664429,0.45984357595443726,0.5165014266967773,0.9480714797973633,0.6176894903182983,0.2803557515144348,0.5847748517990112,1.3348432779312134,0.7825927138328552,0.9596548080444336,1.4555214643478394,1.4075987339019775,0.21393710374832153
57,2,TH,1793.2319910526276,1160,398.01519165039065,299.9391494750977,0.0999652124941349,98076.0375,0.0,,0.06542768497020006,0.06419996321201324,296.68853759765625,0.0635693147778511,98124.5703125,0.5230523943901062,26.73179156058222,0.06607831763033396,6.463946752,0.05925278708959009,0.11487051339588647,0.11574681349872801,0.7151567533612251,0.13928227350115777,0.14556097537279128,0.6901419520378113,0.13919908702373504,0.17065896689891816,0.6145445505777994,0.24441608414053917,0.14103937273224196,0.579569011926651,0.25212864577770233,0.16830236464738846,0.25340554118156433,0.23184677958488464,0.2484988272190094,0.4352338910102844,0.2558615207672119,0.27638348937034607,0.2551596760749817,0.2632478177547455,0.21867874264717102,0.22899264097213745,0.2427184283733368,0.1018705740571022,0.8790738582611084,0.4681209325790405,1.145005464553833,0.1865256279706955,1.3441334962844849,0.33180055022239685,0.1631583273410797,0.7217875719070435,0.7729257345199585,0.8148258924484253,0.5923389196395874,1.2794156074523926,0.4646065831184387,0.5269070267677307,0.9544373154640198,0.5954842567443848,0.26566776633262634,0.5762278437614441,1.3473918437957764,0.8075981736183167,0.9779133200645447,1.4565140008926392,1.4150840044021606,0.20029997825622559
58,2,TH,1807.682460784912,1180,397.97969818115234,299.9028778076172,0.09996520280838013,98076.813671875,0.0,,0.06544101685285568,0.06419996414333581,296.5104064941406,0.06357669830322266,98124.5859375,0.5232433676719666,26.672205260348207,0.06602934078090271,6.443503616,0.05932209617542228,0.11490756259594383,0.11585412702182206,0.7161226287484169,0.13901504762470723,0.14486233331263065,0.6915153920650482,0.138933365046978,0.1695512369275093,0.615989570816358,0.24381164709726968,0.14019877711931863,0.5813013985753059,0.2516631782054901,0.16703539714217186,0.24725046753883362,0.22442834079265594,0.25920525193214417,0.3818199038505554,0.27229979634284973,0.28340035676956177,0.25847095251083374,0.27146291732788086,0.23011597990989685,0.21994692087173462,0.23935383558273315,0.10171031206846237,0.9042000770568848,0.4689665734767914,1.1429650783538818,0.18007835745811462,1.3565424680709839,0.37305253744125366,0.1623896211385727,0.6807509064674377,0.825314998626709,0.8551623225212097,0.5691034197807312,1.2876132726669312,0.46845901012420654,0.512014627456665,0.9470446109771729,0.5735920667648315,0.26709404587745667,0.5453767776489258,1.3622639179229736,0.8258332014083862,0.9963279366493225,1.4580549001693726,1.4222890138626099,0.18945378065109253
59,2,TH,1822.142562866211,1200,397.89375,299.81847229003904,0.09996519610285759,98075.2734375,0.0,,0.06544478088617325,0.0641999626532197,296.45635986328125,0.06356583535671234,98121.7265625,0.5231332778930664,26.933423801057273,0.06595500388406449,6.382186496,0.059298670983478616,0.11495781007339742,0.11588133940420085,0.7170993626117707,0.1383551847189665,0.14454545341432096,0.6921771407127381,0.13863314390182496,0.1691897228360176,0.6167415827512741,0.24301844835281372,0.14023997510472933,0.5822438895702362,0.25120276026427746,0.16655334644019604,0.2579001188278198,0.2181491255760193,0.2565692365169525,0.4095734655857086,0.2748671770095825,0.28619205951690674,0.28147581219673157,0.28074395656585693,0.21718572080135345,0.21677811443805695,0.23478156328201294,0.10159047693014145,0.9317326545715332,0.4674328863620758,1.1508727073669434,0.1813664734363556,1.3591365814208984,0.431209921836853,0.1597236692905426,0.6578200459480286,0.8540255427360535,0.8408182263374329,0.563451886177063,1.2959742546081543,0.4662376344203949,0.5105427503585815,0.9493041038513184,0.5930414795875549,0.26619160175323486,0.5697324275970459,1.3693395853042603,0.8416323065757751,1.005927562713623,1.4589136838912964,1.4270232915878296,0.18205472826957703
60,2,TH,1836.5840051174164,1220,397.83118438720703,299.7565490722656,0.09996519237756729,98074.630859375,0.0,,0.06544775795191526,0.06419996246695518,296.53759765625,0.06357550621032715,98123.8671875,0.5233052372932434,26.79778224263789,0.06593707411924529,6.4038912,0.059292073407668594,0.11505707159701897,0.115953735506601,0.717406502366066,0.13850265331566333,0.1440908472985029,0.6924812734127045,0.13871275037527084,0.16880597323179244,0.6170091579357783,0.24324597169955572,0.13974486539761224,0.5820936635136604,0.2513920087367296,0.16651433147490025,0.24528563022613525,0.22904682159423828,0.25491228699684143,0.39887115359306335,0.27108094096183777,0.27294692397117615,0.2765238881111145,0.2539050877094269,0.23284772038459778,0.2035224884748459,0.24848604202270508,0.10145539045333862,0.9522172808647156,0.4697096347808838,1.1574152708053589,0.17882999777793884,1.3637516498565674,0.47129395604133606,0.15423056483268738,0.6561843752861023,0.8500819206237793,0.8265339732170105,0.6141323447227478,1.287505865097046,0.45637235045433044,0.5069757699966431,0.9633358716964722,0.5757747888565063,0.2680053412914276,0.5532684326171875,1.3794291019439697,0.8591446280479431,1.027771234512329,1.4598442316055298,1.432768702507019,0.17344501614570618
61,2,A,1852.4605503082275,1240,395.92935943603516,297.86922149658204,0.09996518306434155,98060.134765625,0.0,,0.06624830290675163,0.06419996209442616,293.9510192871094,0.06418609619140625,98101.9296875,0.5233052372932434,23.698584617636488,0.06282660422736173,6.48615936,0.05931055424683057,0.11512522039472842,0.11599213441681838,0.8049865871667862,0.09659983161836863,0.0984135815873742,0.7725981444120407,0.100576027110219,0.12682583555579185,0.7052614837884903,0.2006021849811077,0.09413633495569229,0.6476539298892021,0.22547967731952667,0.12686639372259378,0.24528563022613525,0.22904682159423828,0.25491228699684143,0.39887115359306335,0.27108094096183777,0.27294692397117615,0.2765238881111145,0.2539050877094269,0.23284772038459778,0.2035224884748459,0.24848604202270508,0.10145539045333862,0.9522172808647156,0.4697096347808838,1.1574152708053589,0.17882999777793884,1.3637516498565674,0.47129395604133606,0.15423056483268738,0.6561843752861023,0.8500819206237793,0.8265339732170105,0.6141323447227478,1.287505865097046,0.45637235045433044,0.5069757699966431,0.9633358716964722,0.5757747888565063,0.2680053412914276,0.5532684326171875,1.3794291019439697,0.8591446280479431,1.027771234512329,1.4598442316055298,1.432768702507019,0.17344501614570618
62,2,A,1867.9279735088348,1260,395.8024703979492,297.74661712646486,0.09996518194675445,98055.84609375,0.0,,0.06619802322238684,0.06419996172189713,293.3843688964844,0.06444569677114487,98114.7421875,0.5233052372932434,23.711321155898943,0.06300862380146238,6.43805184,0.05931055424683057,0.11512521789410747,0.11599213254135267,0.8006670564413071,0.09806649070233106,0.10126646030694246,0.7747966468334198,0.0979478269815445,0.12725553289055824,0.6911074072122574,0.21075666571656862,0.09813593327999115,0.6566374227404594,0.21604299917817116,0.12731959205120802,0.24528563022613525,0.22904682159423828,0.25491228699684143,0.39887115359306335,0.27108094096183777,0.27294692397117615,0.2765238881111145,0.2539050877094269,0.23284772038459778,0.2035224884748459,0.24848604202270508,0.10145539045333862,0.9522172808647156,0.4697096347808838,1.1574152708053589,0.17882999777793884,1.3637516498565674,0.47129395604133606,0.15423056483268738,0.6561843752861023,0.8500819206237793,0.8265339732170105,0.6141323447227478,1.287505865097046,0.45637235045433044,0.5069757699966431,0.9633358716964722,0.5757747888565063,0.2680053412914276,0.5532684326171875,1.3794291019439697,0.8591446280479431,1.027771234512329,1.4598442316055298,1.432768702507019,0.17344501614570618
63,2,A,1883.5442867279053,1280,395.5185516357422,297.46187896728514,0.09996518455445766,98056.670703125,0.0,,0.06631304863840341,0.06419996172189713,293.7296142578125,0.064381442964077,98099.7734375,0.5233052372932434,23.324213751577304,0.06259603978609968,6.438428672,0.05931055362167533,0.11512521789410747,0.11599213504197363,0.8104255631566047,0.09383726604282856,0.09573716633021831,0.78932483792305,0.09261575266718865,0.11805941611528396,0.7098098347584406,0.202524750183026,0.08766540947059791,0.660810574889183,0.21982376277446747,0.1193656800314784,0.24528563022613525,0.22904682159423828,0.25491228699684143,0.39887115359306335,0.27108094096183777,0.27294692397117615,0.2765238881111145,0.2539050877094269,0.23284772038459778,0.2035224884748459,0.24848604202270508,0.10145539045333862,0.9522172808647156,0.4697096347808838,1.1574152708053589,0.17882999777793884,1.3637516498565674,0.47129395604133606,0.15423056483268738,0.6561843752861023,0.8500819206237793,0.8265339732170105,0.6141323447227478,1.287505865097046,0.45637235045433044,0.5069757699966431,0.9633358716964722,0.5757747888565063,0.2680053412914276,0.5532684326171875,1.3794291019439697,0.8591446280479431,1.027771234512329,1.4598442316055298,1.432768702507019,0.17344501614570618
64,2,A,1899.236929178238,1300,395.46929931640625,297.41733703613284,0.0999651812016964,98051.957421875,0.0,,0.06629703920334577,0.06419996302574874,293.2010803222656,0.06472013890743256,98097.828125,0.5233052372932434,23.554098808464854,0.06270764906341543,6.431719424,0.05931055424683057,0.11512522039472842,0.11599213504197363,0.808305025100708,0.09185366984456778,0.09984131772071123,0.7873796612024307,0.0911777127534151,0.12144263796508312,0.696334054072698,0.20810017362236977,0.09556576174994309,0.6550490632653236,0.22168258018791676,0.1232683751732111,0.24528563022613525,0.22904682159423828,0.25491228699684143,0.39887115359306335,0.27108094096183777,0.27294692397117615,0.2765238881111145,0.2539050877094269,0.23284772038459778,0.2035224884748459,0.24848604202270508,0.10145539045333862,0.9522172808647156,0.4697096347808838,1.1574152708053589,0.17882999777793884,1.3637516498565674,0.47129395604133606,0.15423056483268738,0.6561843752861023,0.8500819206237793,0.8265339732170105,0.6141323447227478,1.287505865097046,0.45637235045433044,0.5069757699966431,0.9633358716964722,0.5757747888565063,0.2680053412914276,0.5532684326171875,1.3794291019439697,0.8591446280479431,1.027771234512329,1.4598442316055298,1.432768702507019,0.17344501614570618
65,2,A,1914.717379808426,1320,395.45467681884764,297.3995391845703,0.09996518194675445,98055.133984375,0.0,,0.06632404942065477,0.06419996246695518,293.56878662109375,0.0646723136305809,98101.890625,0.5233052372932434,23.431199420649897,0.06254722203867664,6.451744768,0.05931055549714105,0.11512521976957318,0.11599213504197363,0.8106881320476532,0.09128589183092117,0.09802597407251597,0.7891940921545029,0.0925222359597683,0.11828366406261921,0.7033298561970392,0.20342883840203285,0.09324130788445473,0.6732271909713745,0.21919315867125988,0.10757964383810759,0.24528563022613525,0.22904682159423828,0.25491228699684143,0.39887115359306335,0.27108094096183777,0.27294692397117615,0.2765238881111145,0.2539050877094269,0.23284772038459778,0.2035224884748459,0.24848604202270508,0.10145539045333862,0.9522172808647156,0.4697096347808838,1.1574152708053589,0.17882999777793884,1.3637516498565674,0.47129395604133606,0.15423056483268738,0.6561843752861023,0.8500819206237793,0.8265339732170105,0.6141323447227478,1.287505865097046,0.45637235045433044,0.5069757699966431,0.9633358716964722,0.5757747888565063,0.2680053412914276,0.5532684326171875,1.3794291019439697,0.8591446280479431,1.027771234512329,1.4598442316055298,1.432768702507019,0.17344501614570618
66,2,A,1930.9482336044312,1340,395.35149841308595,297.29952850341795,0.09996518157422543,98051.965234375,0.0,,0.06636258773505688,0.06419996302574874,293.3790283203125,0.06455731391906738,98103.3359375,0.5233052372932434,23.305811918055586,0.06246547642710638,6.445682688,0.059310552683942475,0.11512521914441794,0.1159921331665079,0.8155395790934563,0.08726232964545488,0.09719809517264366,0.7947882801294327,0.08770437315106391,0.11750734597444534,0.7028987308343252,0.2035422387222449,0.09355902299284935,0.666592538356781,0.21690543182194233,0.11650203168392181,0.24528563022613525,0.22904682159423828,0.25491228699684143,0.39887115359306335,0.27108094096183777,0.27294692397117615,0.2765238881111145,0.2539050877094269,0.23284772038459778,0.2035224884748459,0.24848604202270508,0.10145539045333862,0.9522172808647156,0.4697096347808838,1.1574152708053589,0.17882999777793884,1.3637516498565674,0.47129395604133606,0.15423056483268738,0.6561843752861023,0.8500819206237793,0.8265339732170105,0.6141323447227478,1.287505865097046,0.45637235045433044,0.5069757699966431,0.9633358716964722,0.5757747888565063,0.2680053412914276,0.5532684326171875,1.3794291019439697,0.8591446280479431,1.027771234512329,1.4598442316055298,1.432768702507019,0.17344501614570618
67,3,D,1979.3123126029968,1360,122.87099838256836,292.1397994995117,0.09546086825430393,97923.64765625,0.0,,0.060916632413864136,0.061387767642736436,287.3599853515625,0.05754123255610466,97976.4453125,0.5233052372932434,23.82832818579838,0.06559724567054491,6.433828864,0.06278981634219409,0.11630990019941752,0.11845361940277009,0.8075221657752991,0.08832243271172047,0.10415539480745792,0.7862076997756958,0.09024071209132671,0.1235515870153904,0.7006953358650208,0.2045899505416552,0.09471471048891544,0.6616213992238045,0.22262375615537167,0.11575484834611416,0.24528563022613525,0.22904682159423828,0.25491228699684143,0.39887115359306335,0.27108094096183777,0.27294692397117615,0.2765238881111145,0.2539050877094269,0.23284772038459778,0.2035224884748459,0.24848604202270508,0.10145539045333862,0.9522172808647156,0.4697096347808838,1.1574152708053589,0.17882999777793884,1.3637516498565674,0.47129395604133606,0.15423056483268738,0.6561843752861023,0.8500819206237793,0.8265339732170105,0.6141323447227478,1.287505865097046,0.45637235045433044,0.5069757699966431,0.9633358716964722,0.5757747888565063,0.2680053412914276,0.5532684326171875,1.3794291019439697,0.8591446280479431,1.027771234512329,1.4598442316055298,1.432768702507019,0.17344501614570618
68,3,D,2027.4016344547272,1380,121.72778587341308,291.62235565185546,0.09838091507554055,97960.56796875,0.0,,0.06013054791837931,0.06081470251083374,287.1536865234375,0.06104361265897751,97994.6328125,0.5233052372932434,23.833738466086192,0.06655016917550967,6.432403456,0.06395731969412645,0.11662097307003275,0.1192493469978465,0.8072631523013115,0.08825026210397482,0.10448657516390085,0.7849557340145111,0.0905857790261507,0.12445848174393177,0.7015551676352819,0.20363510524233183,0.09480973767737548,0.6650590002536774,0.22041938081383705,0.11452160868793726,0.24528563022613525,0.22904682159423828,0.25491228699684143,0.39887115359306335,0.27108094096183777,0.27294692397117615,0.2765238881111145,0.2539050877094269,0.23284772038459778,0.2035224884748459,0.24848604202270508,0.10145539045333862,0.9522172808647156,0.4697096347808838,1.1574152708053589,0.17882999777793884,1.3637516498565674,0.47129395604133606,0.15423056483268738,0.6561843752861023,0.8500819206237793,0.8265339732170105,0.6141323447227478,1.287505865097046,0.45637235045433044,0.5069757699966431,0.9633358716964722,0.5757747888565063,0.2680053412914276,0.5532684326171875,1.3794291019439697,0.8591446280479431,1.027771234512329,1.4598442316055298,1.432768702507019,0.17344501614570618
69,3,D,2075.4122467041016,1400,122.4523136138916,290.77113647460936,0.10168329663574696,98033.275,0.0,,0.05601657964289188,0.06117531545460224,288.5567626953125,0.05589823052287102,98145.1171875,0.5233052372932434,23.837115995770812,0.0669227298147676,6.464376832,0.06461550063361735,0.11640455557924144,0.11965796033971156,0.8082490667700768,0.08828497137874365,0.10346595551818609,0.7852161079645157,0.09059821106493474,0.12418567016720772,0.6994717717170715,0.20479223256309828,0.09573600068688393,0.6617373898625374,0.22103057242929935,0.11723203584551811,0.24528563022613525,0.22904682159423828,0.25491228699684143,0.39887115359306335,0.27108094096183777,0.27294692397117615,0.2765238881111145,0.2539050877094269,0.23284772038459778,0.2035224884748459,0.24848604202270508,0.10145539045333862,0.9522172808647156,0.4697096347808838,1.1574152708053589,0.17882999777793884,1.3637516498565674,0.47129395604133606,0.15423056483268738,0.6561843752861023,0.8500819206237793,0.8265339732170105,0.6141323447227478,1.287505865097046,0.45637235045433044,0.5069757699966431,0.9633358716964722,0.5757747888565063,0.2680053412914276,0.5532684326171875,1.3794291019439697,0.8591446280479431,1.027771234512329,1.4598442316055298,1.432768702507019,0.17344501614570618
70,3,D,2123.5867278575897,1420,155.84848899841307,299.65819549560547,1.85236881300807,98149.99921875,0.0,,0.057446975633502005,0.07699806038290262,295.52099609375,0.06380784511566162,98160.890625,0.5233052372932434,23.942252074958013,0.06785238566690881,6.4571392,0.06481306531787974,0.11649386963270719,0.12572223246976688,0.8056058585643768,0.08806170262396336,0.10633243396878242,0.784273487329483,0.09026724211871624,0.1254592753946781,0.7015889783700308,0.202727430810531,0.09568358833591144,0.660448357462883,0.22164815850555897,0.11790347006171942,0.24528563022613525,0.22904682159423828,0.25491228699684143,0.39887115359306335,0.27108094096183777,0.27294692397117615,0.2765238881111145,0.2539050877094269,0.23284772038459778,0.2035224884748459,0.24848604202270508,0.10145539045333862,0.9522172808647156,0.4697096347808838,1.1574152708053589,0.17882999777793884,1.3637516498565674,0.47129395604133606,0.15423056483268738,0.6561843752861023,0.8500819206237793,0.8265339732170105,0.6141323447227478,1.287505865097046,0.45637235045433044,0.5069757699966431,0.9633358716964722,0.5757747888565063,0.2680053412914276,0.5532684326171875,1.3794291019439697,0.8591446280479431,1.027771234512329,1.4598442316055298,1.432768702507019,0.17344501614570618
71,3,D,2171.9188697338104,1440,125.05293121337891,293.7378158569336,0.10710499286651612,97958.52734375,0.0,,0.060027928464114665,0.06247291378676891,285.81060791015625,0.05593971163034439,97935.5234375,0.5233052372932434,23.863781505472833,0.0663606536775212,6.456848384,0.06405326226858654,0.11630524466835604,0.11743360548791476,0.8064847126603126,0.08847697265446186,0.10503831934183835,0.7858879715204239,0.09045673869550228,0.12365530170500279,0.6997408618529638,0.20497903724511465,0.09528010028103988,0.6643263027071953,0.22158938646316528,0.11408428847789764,0.24528563022613525,0.22904682159423828,0.25491228699684143,0.39887115359306335,0.27108094096183777,0.27294692397117615,0.2765238881111145,0.2539050877094269,0.23284772038459778,0.2035224884748459,0.24848604202270508,0.10145539045333862,0.9522172808647156,0.4697096347808838,1.1574152708053589,0.17882999777793884,1.3637516498565674,0.47129395604133606,0.15423056483268738,0.6561843752861023,0.8500819206237793,0.8265339732170105,0.6141323447227478,1.287505865097046,0.45637235045433044,0.5069757699966431,0.9633358716964722,0.5757747888565063,0.2680053412914276,0.5532684326171875,1.3794291019439697,0.8591446280479431,1.027771234512329,1.4598442316055298,1.432768702507019,0.17344501614570618
72,3,TH,2186.8666772842407,1460,384.8489593505859,286.9762786865234,0.08540385812520981,97872.676171875,0.0,,0.05428648255765438,0.05473240874707699,284.1705627441406,0.05594538524746895,97914.0,0.5244892239570618,25.958304873115935,0.06687581629020119,6.424096768,0.06465320937245136,0.1152333291152859,0.11711610539629201,0.8061986237764358,0.08983472008258105,0.10396666247397661,0.7863031566143036,0.09316949993371963,0.12052733786404132,0.6986009826262792,0.20688553030292192,0.09451348644991715,0.6618661358952522,0.22509010694921017,0.11304373759776354,0.24918082356452942,0.274734765291214,0.31467506289482117,0.48972228169441223,0.3800756335258484,0.35569220781326294,0.2819789946079254,0.27697715163230896,0.26356837153434753,0.2572932243347168,0.21799513697624207,0.10159365087747574,0.963943600654602,0.4571840167045593,1.1509042978286743,0.17942804098129272,1.3779155015945435,0.53765869140625,0.14688117802143097,0.643591046333313,0.832402229309082,0.6917396783828735,0.6263129115104675,1.3397272825241089,0.516084611415863,0.4936084747314453,1.1321384906768799,0.635969877243042,0.25005462765693665,0.5670909881591797,1.3791192770004272,0.9530709981918335,1.0223298072814941,1.4604833126068115,1.4300177097320557,0.17693862318992615
73,3,TH,2201.2120566368103,1480,384.4370513916016,286.57031707763673,0.08540385961532593,97866.73125,0.0,,0.054287800751626494,0.05473240874707699,284.1642150878906,0.05595392733812332,97914.046875,0.524141788482666,25.963415138726205,0.06677034916310418,6.431760384,0.06449747788870933,0.11530720996137761,0.1174060417682919,0.8070135682821273,0.09101322665810585,0.10197320710867644,0.7878960102796555,0.09372930899262429,0.11837469227612019,0.6991964081923167,0.2085496298968792,0.09225394638876121,0.6633244156837463,0.22643390856683254,0.11024168506264687,0.23808181285858154,0.33551734685897827,0.30188801884651184,0.44632044434547424,0.3420908451080322,0.3781023919582367,0.31116873025894165,0.2950966954231262,0.2522164285182953,0.2537819445133209,0.22076688706874847,0.10186008363962173,0.9724314212799072,0.4478719234466553,1.1417527198791504,0.18107980489730835,1.3859094381332397,0.5559079051017761,0.14588019251823425,0.5926225781440735,0.8693332672119141,0.6466497182846069,0.5305256843566895,1.3739283084869385,0.5525503158569336,0.48659437894821167,1.195410132408142,0.6794649362564087,0.23414543271064758,0.5193228721618652,1.3816713094711304,1.0220497846603394,1.0262601375579834,1.4606847763061523,1.42583429813385,0.18329694867134094
74,3,TH,2215.520663022995,1500,384.33714599609374,286.47086944580076,0.08540386073291302,97866.271484375,0.0,,0.05428699962794781,0.054732408933341505,283.9882507324219,0.055957142263650894,97913.984375,0.5242106914520264,25.945045801592563,0.0667291154864576,6.42168832,0.0644906940166382,0.11546538048828285,0.11770900575030792,0.8083676114678383,0.09119490887969732,0.10043747704476118,0.7893651455640793,0.09401960372924804,0.11661523766815662,0.6989825069904327,0.21001868322491646,0.09099880047142506,0.6642620339989662,0.2272915504872799,0.10844642855226994,0.24916717410087585,0.27572309970855713,0.29099586606025696,0.4618624150753021,0.3474492132663727,0.3741685152053833,0.29985806345939636,0.272832989692688,0.2663935422897339,0.26210859417915344,0.24251201748847961,0.10213038325309753,0.9766791462898254,0.43598243594169617,1.1242830753326416,0.17987054586410522,1.3930860757827759,0.5522489547729492,0.13765957951545715,0.6705728769302368,0.7981424331665039,0.7150424718856812,0.5773091316223145,1.3931841850280762,0.5761207938194275,0.487985759973526,1.2308486700057983,0.7186537981033325,0.21116113662719727,0.5209242701530457,1.380481481552124,1.0889867544174194,1.0189379453659058,1.4607218503952026,1.421366810798645,0.18983019888401031
75,3,TH,2230.1322762966156,1520,384.2541229248047,286.387873840332,0.08540385812520981,97866.242578125,0.0,,0.05428761690855026,0.05473240930587053,283.86907958984375,0.05596102401614189,97916.7265625,0.5240243673324585,25.67797316852883,0.06667999953998577,6.458494976,0.06450705401665341,0.11547494411312217,0.11792442549333851,0.8090691223740578,0.09100035857409239,0.0999305158853531,0.7909084498882294,0.09381463453173637,0.11527691185474395,0.6999936699867249,0.20991657550136247,0.09008975761632125,0.6650099977850914,0.2277424857020378,0.10724750440567732,0.22891542315483093,0.30123254656791687,0.2903963625431061,0.4250389635562897,0.3542032837867737,0.3423282504081726,0.29428213834762573,0.28891652822494507,0.2608596682548523,0.27009642124176025,0.22464770078659058,0.10258902609348297,0.9829742312431335,0.42365187406539917,1.1210246086120605,0.18410354852676392,1.4010568857192993,0.5608652830123901,0.13577252626419067,0.6362957954406738,0.8113260269165039,0.666850745677948,0.5785630345344543,1.4099606275558472,0.5896400213241577,0.48422423005104065,1.258786916732788,0.7703841924667358,0.1978565752506256,0.4946075677871704,1.3810861110687256,1.137662410736084,1.0153483152389526,1.4610142707824707,1.4153214693069458,0.1980302780866623
76,3,TH,2244.6387207508087,1540,384.1397415161133,286.27273712158205,0.08540385887026787,97866.99609375,0.0,,0.05428777616471052,0.05473241023719311,283.83770751953125,0.055959440767765045,97910.34375,0.5232325792312622,26.33923608211182,0.06664268277348631,6.475132928,0.06456901721585503,0.11548415327494123,0.11812361683153161,0.8104529440402984,0.09070074930787086,0.09884630944579839,0.7919868558645249,0.09367198310792446,0.11434115171432495,0.7020380993684133,0.20899096131324768,0.08897092255453269,0.6670017018914223,0.22683010622859,0.10616816859692335,0.24347779154777527,0.2919747531414032,0.333926260471344,0.4488246738910675,0.366746723651886,0.365810751914978,0.3168300986289978,0.2921311855316162,0.2700878083705902,0.25627315044403076,0.2412206530570984,0.10307952016592026,0.9945904016494751,0.4193320870399475,1.116999626159668,0.1891370564699173,1.4075522422790527,0.5766115188598633,0.1322978436946869,0.6592479348182678,0.815926194190979,0.7023984789848328,0.5852365493774414,1.4208617210388184,0.5935956239700317,0.468241810798645,1.2818207740783691,0.8474057912826538,0.18716579675674438,0.4769342243671417,1.382757544517517,1.180916428565979,1.0214369297027588,1.4606707096099854,1.4073636531829834,0.20793402194976807
77,3,TH,2258.9922816753387,1560,384.16481628417966,286.30139617919923,0.08540385775268078,97863.416015625,0.0,,0.05428714621812105,0.05473240949213505,283.72650146484375,0.055963288992643356,97913.8515625,0.5232884287834167,26.109199554305647,0.06660611338007454,6.52087296,0.06442760835120577,0.1155702402770656,0.11827792389906261,0.809977188706398,0.0909387843683362,0.0990840220823884,0.7913386672735214,0.09399791024625301,0.11466343514621258,0.7011752277612686,0.20964149261514345,0.08918326782683532,0.6661329045891762,0.2274013962596655,0.10646568983793259,0.232680082321167,0.3090619444847107,0.28776782751083374,0.45438534021377563,0.3610565662384033,0.35270804166793823,0.31781721115112305,0.28066739439964294,0.2624759376049042,0.2601870596408844,0.23167207837104797,0.10391943156719208,1.0118030309677124,0.4092042148113251,1.1134206056594849,0.1952735036611557,1.4129847288131714,0.5805230140686035,0.13125160336494446,0.6183404326438904,0.8523414731025696,0.6799828410148621,0.5713567137718201,1.429668664932251,0.6064988970756531,0.46936947107315063,1.2945927381515503,0.9013453722000122,0.17600467801094055,0.46996182203292847,1.3815202713012695,1.2194418907165527,1.0082242488861084,1.46129310131073,1.3968621492385864,0.22156813740730286
78,3,TH,2273.472100019455,1580,384.10501251220705,286.23912353515624,0.08540385589003563,97865.887109375,0.0,,0.05428766012191773,0.054732409119606015,283.6217041015625,0.055961981415748596,97912.203125,0.5232842564582825,26.180562131123256,0.06659956675441646,6.492655616,0.06451432207145678,0.11567006944164375,0.11845037297161631,0.8114173874258995,0.09058459009975195,0.09799802247434855,0.7925571531057358,0.09370293617248535,0.11373991966247558,0.7025475899378458,0.20927704125642776,0.08817536135514577,0.6667706668376923,0.227389270439744,0.1058400608599186,0.2523471713066101,0.3009490370750427,0.28271484375,0.4364684224128723,0.3635343313217163,0.37094441056251526,0.29200100898742676,0.30564743280410767,0.26118800044059753,0.257308691740036,0.24654370546340942,0.10513433814048767,1.0219478607177734,0.3977288007736206,1.1059918403625488,0.1980341374874115,1.4168264865875244,0.5964221358299255,0.12902972102165222,0.6196109056472778,0.8594990372657776,0.6686718463897705,0.5888314843177795,1.4351834058761597,0.612964391708374,0.4692853093147278,1.3055479526519775,0.9349663853645325,0.16771377623081207,0.4858093559741974,1.379433274269104,1.2464145421981812,0.9903936982154846,1.4613821506500244,1.3873018026351929,0.23565495014190674
79,3,TH,2288.1166405677795,1600,384.068669128418,286.20400085449216,0.08540385104715824,97864.66171875,0.0,,0.054286894761025904,0.05473240837454796,283.75860595703125,0.055963218212127686,97915.078125,0.5232664346694946,25.90176564530639,0.06657164200764334,6.461120512,0.06447557745039248,0.11574684600680041,0.11856286965679318,0.8113078251481056,0.09062075596302747,0.09807142037898302,0.7922600835561753,0.0939803034067154,0.11375960521399975,0.7031529049078623,0.208682203044494,0.08816489577293396,0.6676126942038536,0.22721456922590733,0.10517270676791668,0.24393370747566223,0.30757564306259155,0.27516278624534607,0.439314067363739,0.3296571969985962,0.36804288625717163,0.2848186194896698,0.28824684023857117,0.2673540413379669,0.242534339427948,0.2527935802936554,0.10746858268976212,1.0097018480300903,0.37844493985176086,1.085131287574768,0.18907718360424042,1.4202700853347778,0.5389600396156311,0.12615887820720673,0.6408944725990295,0.8391647934913635,0.6896156668663025,0.5731138586997986,1.4411158561706543,0.5989152789115906,0.47340285778045654,1.3167933225631714,0.9799774289131165,0.16034889221191406,0.46892625093460083,1.3790149688720703,1.2688605785369873,0.9889929294586182,1.4616401195526123,1.3749712705612183,0.25458231568336487
80,3,A,2305.1437842845917,1620,383.19380950927734,285.3306365966797,0.08540386073291302,97863.16796875,0.0,,0.05429641846567392,0.054732407443225384,282.448974609375,0.05604111775755882,97911.2578125,0.5232664346694946,25.014758396939495,0.06597940806911172,6.484078592,0.06452240157775979,0.11558183940736164,0.11840944780907996,0.82604119181633,0.07853128109127283,0.09542752970010042,0.815233051776886,0.07978105582296849,0.1049859095364809,0.720393106341362,0.19775359332561493,0.08185327798128128,0.6813858821988106,0.21871653757989407,0.09989758394658566,0.24393370747566223,0.30757564306259155,0.27516278624534607,0.439314067363739,0.3296571969985962,0.36804288625717163,0.2848186194896698,0.28824684023857117,0.2673540413379669,0.242534339427948,0.2527935802936554,0.10746858268976212,1.0097018480300903,0.37844493985176086,1.085131287574768,0.18907718360424042,1.4202700853347778,0.5389600396156311,0.12615887820720673,0.6408944725990295,0.8391647934913635,0.6896156668663025,0.5731138586997986,1.4411158561706543,0.5989152789115906,0.47340285778045654,1.3167933225631714,0.9799774289131165,0.16034889221191406,0.46892625093460083,1.3790149688720703,1.2688605785369873,0.9889929294586182,1.4616401195526123,1.3749712705612183,0.25458231568336487
81,3,A,2321.447114944458,1640,382.780207824707,284.9223892211914,0.08540385998785496,97857.813671875,0.0,,0.0542891563847661,0.05473240818828344,282.2522277832031,0.05596853047609329,97905.8828125,0.5232664346694946,24.62968649230877,0.06579441681958464,6.506520576,0.06452240282807027,0.11558183503127496,0.11840944968454567,0.8330315262079239,0.06825058087706566,0.09871789067983627,0.821818059682846,0.0673901854082942,0.11079174429178237,0.7166878630717596,0.1946450024843216,0.08866714499890804,0.6808950081467628,0.216575114056468,0.10252988617867231,0.24393370747566223,0.30757564306259155,0.27516278624534607,0.439314067363739,0.3296571969985962,0.36804288625717163,0.2848186194896698,0.28824684023857117,0.2673540413379669,0.242534339427948,0.2527935802936554,0.10746858268976212,1.0097018480300903,0.37844493985176086,1.085131287574768,0.18907718360424042,1.4202700853347778,0.5389600396156311,0.12615887820720673,0.6408944725990295,0.8391647934913635,0.6896156668663025,0.5731138586997986,1.4411158561706543,0.5989152789115906,0.47340285778045654,1.3167933225631714,0.9799774289131165,0.16034889221191406,0.46892625093460083,1.3790149688720703,1.2688605785369873,0.9889929294586182,1.4616401195526123,1.3749712705612183,0.25458231568336487
82,3,A,2337.5592567920685,1660,382.7407485961914,284.88438110351564,0.08540386073291302,97856.365625,0.0,,0.05428550131618977,0.05473240986466408,282.0683288574219,0.05599101632833481,97904.125,0.5232664346694946,24.684804960891928,0.06607997241625041,6.492356608,0.06452240282807027,0.11558184003251687,0.1184094503097009,0.826545336842537,0.07023321222513915,0.10322144534438848,0.8137267380952835,0.07203984074294567,0.11423341743648052,0.7086977859338125,0.1975979320704937,0.09370430434743564,0.6790751740336418,0.21605517528951168,0.10486964136362076,0.24393370747566223,0.30757564306259155,0.27516278624534607,0.439314067363739,0.3296571969985962,0.36804288625717163,0.2848186194896698,0.28824684023857117,0.2673540413379669,0.242534339427948,0.2527935802936554,0.10746858268976212,1.0097018480300903,0.37844493985176086,1.085131287574768,0.18907718360424042,1.4202700853347778,0.5389600396156311,0.12615887820720673,0.6408944725990295,0.8391647934913635,0.6896156668663025,0.5731138586997986,1.4411158561706543,0.5989152789115906,0.47340285778045654,1.3167933225631714,0.9799774289131165,0.16034889221191406,0.46892625093460083,1.3790149688720703,1.2688605785369873,0.9889929294586182,1.4616401195526123,1.3749712705612183,0.25458231568336487
83,3,A,2353.7409796714783,1680,382.6025955200195,284.74535980224607,0.08540385924279689,97857.231640625,0.0,,0.05428344495594502,0.05473240949213505,283.478271484375,0.05597678944468498,97898.0234375,0.5232664346694946,24.455953916349408,0.06584112560581043,6.479552512,0.06452240314064789,0.11558183565643021,0.11840944968454567,0.8348941996693611,0.06563846608623862,0.09946733806282282,0.8255107045173645,0.06537898890674114,0.10911029390990734,0.7145115385452906,0.1964784525334835,0.08901000767946243,0.6813696101307869,0.21265928260982037,0.1059710867702961,0.24393370747566223,0.30757564306259155,0.27516278624534607,0.439314067363739,0.3296571969985962,0.36804288625717163,0.2848186194896698,0.28824684023857117,0.2673540413379669,0.242534339427948,0.2527935802936554,0.10746858268976212,1.0097018480300903,0.37844493985176086,1.085131287574768,0.18907718360424042,1.4202700853347778,0.5389600396156311,0.12615887820720673,0.6408944725990295,0.8391647934913635,0.6896156668663025,0.5731138586997986,1.4411158561706543,0.5989152789115906,0.47340285778045654,1.3167933225631714,0.9799774289131165,0.16034889221191406,0.46892625093460083,1.3790149688720703,1.2688605785369873,0.9889929294586182,1.4616401195526123,1.3749712705612183,0.25458231568336487
84,3,A,2369.7914531230927,1700,382.4479736328125,284.59228668212893,0.08540386036038398,97855.682421875,0.0,,0.054279996640980245,0.05473240949213505,282.46844482421875,0.05598001554608345,97908.5390625,0.5232664346694946,24.634292024917702,0.06598010886813413,6.50104832,0.06452240282807027,0.11558183440611973,0.11840945093485615,0.8302555710077286,0.0672220379114151,0.10252237357199193,0.8190353810787201,0.06806717906147242,0.11289745643734932,0.7082792719205221,0.20172598337133726,0.08999473849932353,0.6755654662847519,0.21854161098599434,0.10589291900396347,0.24393370747566223,0.30757564306259155,0.27516278624534607,0.439314067363739,0.3296571969985962,0.36804288625717163,0.2848186194896698,0.28824684023857117,0.2673540413379669,0.242534339427948,0.2527935802936554,0.10746858268976212,1.0097018480300903,0.37844493985176086,1.085131287574768,0.18907718360424042,1.4202700853347778,0.5389600396156311,0.12615887820720673,0.6408944725990295,0.8391647934913635,0.6896156668663025,0.5731138586997986,1.4411158561706543,0.5989152789115906,0.47340285778045654,1.3167933225631714,0.9799774289131165,0.16034889221191406,0.46892625093460083,1.3790149688720703,1.2688605785369873,0.9889929294586182,1.4616401195526123,1.3749712705612183,0.25458231568336487
85,3,A,2385.403629541397,1720,382.4733154296875,284.6155548095703,0.08540386110544204,97857.7546875,0.0,,0.054281238652765754,0.054732408560812476,282.0574645996094,0.055989060550928116,97899.6171875,0.5232664346694946,24.420477650305763,0.06588498649734702,6.483509248,0.06452240376580312,0.11558183315580925,0.11840944968454567,0.8378761947154999,0.06038876967504621,0.10173503383994102,0.8253912538290024,0.06076817959547043,0.11384058333933353,0.7209373017152151,0.19004415969053903,0.08901854169865449,0.6690878495573997,0.2187345866113901,0.11217754986137152,0.24393370747566223,0.30757564306259155,0.27516278624534607,0.439314067363739,0.3296571969985962,0.36804288625717163,0.2848186194896698,0.28824684023857117,0.2673540413379669,0.242534339427948,0.2527935802936554,0.10746858268976212,1.0097018480300903,0.37844493985176086,1.085131287574768,0.18907718360424042,1.4202700853347778,0.5389600396156311,0.12615887820720673,0.6408944725990295,0.8391647934913635,0.6896156668663025,0.5731138586997986,1.4411158561706543,0.5989152789115906,0.47340285778045654,1.3167933225631714,0.9799774289131165,0.16034889221191406,0.46892625093460083,1.3790149688720703,1.2688605785369873,0.9889929294586182,1.4616401195526123,1.3749712705612183,0.25458231568336487
86,4,J,2435.927479028702,1740,732.9365325927735,457.1840881347656,0.3506004478782415,96417.742578125,0.0,,0.09076989181339741,0.08949204869568347,305.55572509765625,0.07019517570734024,96439.15625,0.5232692956924438,24.97294914377973,0.07205247144470915,6.4879616,0.07388960170339498,0.1174881740383772,0.12976984257230756,0.7739707171916962,0.10308979172259569,0.12293948046863079,0.7712841421365738,0.1024814173579216,0.1262344479560852,0.7150953561067581,0.1803278997540474,0.10457674351831277,0.6589700728654861,0.20565677620470524,0.1353731332346797,0.24708226323127747,0.3037412464618683,0.27572330832481384,0.43628013134002686,0.33265551924705505,0.37358570098876953,0.2881303131580353,0.2863121032714844,0.2726615071296692,0.23932531476020813,0.25196999311447144,0.10754220932722092,1.0097815990447998,0.3776324391365051,1.0861430168151855,0.188852459192276,1.420266032218933,0.5339338183403015,0.12601956725120544,0.6441512107849121,0.8373087644577026,0.6872668266296387,0.5711482763290405,1.4413597583770752,0.5975052118301392,0.4725118577480316,1.3161202669143677,0.9801329970359802,0.16007551550865173,0.4689847230911255,1.3790230751037598,1.2692992687225342,0.9902198910713196,1.4616342782974243,1.3739020824432373,0.2543333172798157
87,4,J,2486.445457458496,1760,527.0311767578125,304.4353393554687,0.1977568481117487,96412.15078125,0.0,,0.06633573602885008,0.0629929618909955,286.95501708984375,0.06117607653141022,96626.578125,0.5232612490653992,23.237253134220364,0.06116234502101562,6.476095488,0.06125589668926588,0.11375120982542385,0.1236534656285849,0.8272701293230057,0.07677877061069012,0.09595109634101391,0.8257483214139938,0.07483042404055595,0.09942124597728252,0.7777523994445801,0.12581279315054417,0.09643481361369292,0.7626385763287544,0.1366686848923564,0.10069269686937332,0.24712321162223816,0.303728312253952,0.2756621539592743,0.43620818853378296,0.33253729343414307,0.3733294904232025,0.2879640460014343,0.2862885296344757,0.2726336121559143,0.23933538794517517,0.25189366936683655,0.10754182934761047,1.0097485780715942,0.37760719656944275,1.0860860347747803,0.18884208798408508,1.4202618598937988,0.5337601900100708,0.1260172724723816,0.6441261768341064,0.8371545672416687,0.6871224641799927,0.570391833782196,1.441354751586914,0.597515881061554,0.4724666178226471,1.316107988357544,0.980099081993103,0.16007113456726074,0.4688207507133484,1.3790210485458374,1.2692716121673584,0.9901635646820068,1.461631417274475,1.3738585710525513,0.254079669713974
88,4,J,2538.547381401062,1780,491.93262786865233,281.8361068725586,0.11906464993953705,96385.794140625,0.0,,0.06156942341476679,0.05679582953453064,277.47430419921875,0.05883563309907913,96469.46875,0.5232596397399902,23.670350009405503,0.05797007825483224,6.48556544,0.05767567124143267,0.11293788160976134,0.11725474857416594,0.8271590575575829,0.07600465919822455,0.09683630354702473,0.8179824411869049,0.07724904045462608,0.1047685157507658,0.760193482041359,0.14817466214299202,0.09163185643653075,0.7441844120621681,0.15509479865431786,0.10072080139070749,0.247148334980011,0.3037160336971283,0.2756226062774658,0.43620002269744873,0.33246731758117676,0.3732183873653412,0.2878655791282654,0.2862715423107147,0.2726219594478607,0.23937049508094788,0.25187963247299194,0.10754106193780899,1.0097286701202393,0.3775946795940399,1.0860575437545776,0.18884338438510895,1.4202605485916138,0.5337048768997192,0.12601618468761444,0.6440784931182861,0.8370229601860046,0.6869967579841614,0.5701393485069275,1.441353678703308,0.5975024700164795,0.4724523425102234,1.3161016702651978,0.9800795912742615,0.16006894409656525,0.46878889203071594,1.3790183067321777,1.2692633867263794,0.9901196956634521,1.4616302251815796,1.3738412857055664,0.25391778349876404
89,4,J,2590.760346889496,1800,484.70050659179685,277.6755645751953,0.11492470912635326,96340.658984375,0.0,,0.059439108707010746,0.055284674279391766,270.2706604003906,0.05706612393260002,96429.703125,0.5232558846473694,23.616405109262452,0.05686182586609907,6.474268672,0.05657253668605988,0.11213538108283048,0.11601843469770413,0.8315505251288414,0.07549589592963457,0.09295357558876276,0.8207366913557053,0.07610430754721165,0.1031590111553669,0.7597607672214508,0.15192497769991556,0.08831424949069817,0.7432203441858292,0.15946045704185963,0.09731922205537558,0.24718111753463745,0.3037041425704956,0.2755695879459381,0.4361916780471802,0.33237990736961365,0.37307611107826233,0.28770941495895386,0.28624287247657776,0.2725951075553894,0.23940354585647583,0.2518719434738159,0.10754052549600601,1.009716510772705,0.37758928537368774,1.0860295295715332,0.18884140253067017,1.4202595949172974,0.533617377281189,0.12601470947265625,0.6440187096595764,0.8369013667106628,0.6869062781333923,0.5698565244674683,1.4413529634475708,0.5974987149238586,0.4724352955818176,1.3160955905914307,0.9800438284873962,0.1600630283355713,0.46871262788772583,1.379014015197754,1.269248366355896,0.9900528192520142,1.4616280794143677,1.3738186359405518,0.2537367641925812
90,4,J,2642.7778646945953,1820,477.90296478271483,272.5253189086914,0.11140944883227348,96298.866015625,0.0,,0.05836915969848633,0.054483679868280885,268.89202880859375,0.05661005526781082,96370.5859375,0.5232520699501038,23.603424474359684,0.05564077796798501,6.52806144,0.05536263327409462,0.11199872089737324,0.11476001970809391,0.8340380057692528,0.07388558741658927,0.09207640532404185,0.8239386439323425,0.07396809421479703,0.10209327340126037,0.7615854193766912,0.15441492448250452,0.08399965924521287,0.740412138402462,0.16191301122307777,0.0976748364046216,0.24720662832260132,0.30369699001312256,0.2755417823791504,0.43618157505989075,0.3323439359664917,0.3729937970638275,0.28764235973358154,0.28622862696647644,0.2725713849067688,0.2394363284111023,0.2518575191497803,0.10754044353961945,1.0097060203552246,0.37758105993270874,1.0860086679458618,0.18883782625198364,1.4202582836151123,0.5335291028022766,0.1260126233100891,0.6439235806465149,0.836746871471405,0.6867015361785889,0.569545567035675,1.441352367401123,0.5974916219711304,0.4724224805831909,1.31609046459198,0.9800209999084473,0.1600598841905594,0.4686356782913208,1.3790125846862793,1.2692331075668335,0.9899983406066895,1.4616261720657349,1.3737976551055908,0.2535409927368164
